Unnamed: 0,Unnamed: 1,Unnamed: 2,Unnamed: 3,Unnamed: 4,Unnamed: 5,Unnamed: 6,Unnamed: 7,Unnamed: 8,Unnamed: 9,Unnamed: 10,Unnamed: 11,Unnamed: 12,Unnamed: 13,Unnamed: 14,Unnamed: 15,Unnamed: 16,Unnamed: 17,Unnamed: 18,Unnamed: 19,Unnamed: 20
,Прибыльность по товарам,,,,,,,,,,,,,,,,,,,
,,,,,,,,,,,,,,,,,,,,
,,отчет создан:,2026-06-30 13:45:49.042000,,,,,,,,,,,,,,,,,
,,исполнитель:,Валерия  (admin@gorokhovavaleriia ),,,,,,,,,,,,,,,,,
,,,,,,,,,,,,,,,,,,,,
,,,,,,,,,,,,,,,,,,,,
,,Склад:,По умолчанию содержит Основной склад,,,,,,,,,,,,,,,,,
,,Остатки по модификацям:,да,,,,,,,,,,,,,,,,,
,,,,,,,,,,,,,,,,,,,,
,Код,Артикул,Наименование,Ед.изм.,Продажи,,,,,,Возвраты,,,,,,,Рентабельность ,,Прибыль
,,,,,Кол-во,Цена,Себестоимость,Комиссия (входит в себестоимость),Сумма,Сумма себест.,Кол-во,Цена,Себестоимость,Комиссия из продаж,Комиссия за возвраты,Сумма,Сумма себест.,Товара,Продаж,
,117527884_788299789,,Гирлянда уличная,,134,9844.408507462686,6482.59776119403,0,1319150.74,868668.1,2,11352.44,6890.415,0,0,22704.88,13780.83,0.5165108962261188,0.34059161560360107,441558.59
,130445467_7685403762,,портативный душ,шт,40,9764.18075,7102.99,0,390567.23,284119.6,0,0,0,0,0,0,0,0.37465782015742666,0.27254623999048766,106447.63
,105258599_713297371,133152467,Коктейльный набор,,17,12903.81,7750.8,0,219364.77,131763.6,0,0,0,0,0,0,0,0.6648358879083449,0.39934019487267713,87601.17
,130268280_7657985492,,кэмпинг кухня складная,шт,23,9680.882173913044,6226.079565217391,0,222660.29,143199.83,1,9868,6035.91,0,0,9868,6035.91,0.55137218300556,0.35540935247231,75628.37
,118810612_535749107,,саундбар,шт,13,19854.886153846153,13836.923076923078,0,258113.52,179880,1,20093.25,14990,0,0,20093.25,14990,0.44350943052944386,0.3072438746498355,73130.27
,152829299_5615121321,,Подушка жилетик серая,шт,31,3968.9667741935486,1733.02,0,123037.97,53723.62,0,0,0,0,0,0,0,1.2902025217213584,0.5633573928438513,69314.35
,138992227_567388929,,гирлянда пчелка,шт,86,1600.5953488372093,840.3086046511628,0,137651.2,72266.54,0,0,0,0,0,0,0,0.9047708662957988,0.47500247001115864,65384.66
,114705243_123123132,,подушки в машину awesome,шт,58,2732.6125862068966,1623.820344827586,0,158491.53,94181.58,0,0,0,0,0,0,0,0.6828293812866593,0.40576269280762195,64309.95
,119220282_1356487956328,112063320,набор бармена,шт,19,8160.811578947369,5175.176842105263,0,155055.42,98328.36,0,0,0,0,0,0,0,0.5769145341181323,0.3658502231008758,56727.06
,118365566_6578489432,,газовая горелка с соплами,шт,36,8956.183055555555,7405.18,0,322422.59,266586.48,0,0,0,0,0,0,0,0.20944839363196513,0.17317679260625007,55836.11
,132322764_56464896,132322764,Фен щетка,,59,4063.029491525424,3116.27,0,239718.74,183859.93,2,4143.13,3116.27,0,0,8286.26,6232.54,0.30290987217680787,0.23248720317908705,53805.09
,109751658_235026297,,чехлы черные,шт,14,17134.22357142857,13455.495714285713,0,239879.13,188376.94,0,0,0,0,0,0,0,0.27339965284498197,0.2147005869164191,51502.19
,117719300_57875325787,,светильник медуза двойной,шт,97,1263.7736082474228,762.38,0,122586.04,73950.86,0,0,0,0,0,0,0,0.6576688898546954,0.39674321806952895,48635.18
,129896152_8932423784647,,угольник 112 мм,шт,22,3745.911818181818,1587.03,0,82410.06,34914.66,0,0,0,0,0,0,0,1.3603282976262694,0.5763301228029685,47495.4
,152717796_78489578420,,форма для чебуреков,шт,39,1768.2602564102565,554.33,0,68962.15,21618.87,0,0,0,0,0,0,0,2.1899053928350556,0.6865110789034274,47343.28
,112122581_4125645412,,светильник одуванчик теплый,шт,50,1753.2061999999999,826.21,0,87660.31,41310.5,0,0,0,0,0,0,0,1.1219861778482467,0.5287433959565053,46349.81
,142534000_231123123,,светильник медуза одиной,шт,60,1444.0925,676.202,0,86645.55,40572.12,0,0,0,0,0,0,0,1.1355933581976982,0.531746061973177,46073.43
,064039186,,зеркало черное,шт,28,1714.7839285714288,75.39107142857144,0,48013.95,2110.95,0,0,0,0,0,0,0,21.745185816812334,0.9560346524291378,45903
,139675387_5748783984,,уличный фонарь с ножиком,шт,40,1743.8129999999999,704.076,0,69752.52,28163.04,0,0,0,0,0,0,0,1.4767397269612939,0.5962434045393629,41589.48
,139999257_15644513212,,светильник одуванчик мультиколор,шт,50,1631.6382,809.6858,0,81581.91,40484.29,0,0,0,0,0,0,0,1.0151498272539792,0.5037589828431327,41097.62
,164333186,106359065_12312123,корзина для белья наша 42 см,шт,35,4017.371142857143,2849.612,0,140607.99,99736.42,0,0,0,0,0,0,0,0.40979583987474183,0.2906774358982018,40871.57
,119578581_5674839342,,палочки для сахарной ваты,шт,20,2880.0345,871.13,0,57600.69,17422.6,0,0,0,0,0,0,0,2.3060903653874854,0.697527928918907,40178.09
,140368525_6873432395,,форма для люля,шт,24,2932.706666666667,1310.2975,0,70384.96,31447.14,0,0,0,0,0,0,0,1.2381990858310168,0.5532122203379813,38937.82
,115249506_9538527490,,веер,шт,82,721.1386585365855,268.0501219512195,0,59133.37,21980.11,0,0,0,0,0,0,0,1.6903127418379618,0.6282960027476872,37153.26
,104701785_8745146531,,лампа для блога,шт,59,1400.2222033898306,779.7294915254238,0,82613.11,46004.04,0,0,0,0,0,0,0,0.7957794576302429,0.44313874638056844,36609.07
,119805761_593072707,107401301,Вешалка на подголовник,,37,2385.6664864864865,1410.73,0,88269.66,52197.01,0,0,0,0,0,0,0,0.6910865200899439,0.40866420013399846,36072.65
,141564118_8787987979,,электрическая овощерезка,шт,4,44719.925,35945.41,0,178879.7,143781.64,0,0,0,0,0,0,0,0.24410668844784356,0.19621041403803785,35098.06
,110568369_67383893,,Дождевик прозрачный,,49,2448.723673469388,1734.08,0,119987.46,84969.92,0,0,0,0,0,0,0,0.41211689972168974,0.2918433309614188,35017.54
,132626624_5745930593,,пирсинг 150 шт,шт,55,690.4925454545455,57.91381818181818,0,37977.09,3185.26,0,0,0,0,0,0,0,10.922759837501491,0.9161268017112423,34791.83
,110566743_1987987123,,Вентилятор SprayFan зеленый,шт,44,2255.9086363636366,1443.1254545454544,0,99259.98,63497.52,2,2275.69,1548.72,0,0,4551.38,3097.44,0.5680211019588054,0.36225348067651725,34308.52
,116379010_5675884353,,настольная табличка А4,шт,98,917.5213265306123,572.53,0,89917.09,56107.94,0,0,0,0,0,0,0,0.6025733612747144,0.376003605098875,33809.15
,103293346_856598652,,пирометр,шт,41,2211.1907317073174,1416.9,0,90658.82,58092.9,0,0,0,0,0,0,0,0.5605834792203522,0.3592140290376601,32565.92
,119939163_6548092845,,ветрозащитный экран,шт,41,1603.341219512195,821.6695121951219,0,65736.99,33688.45,0,0,0,0,0,0,0,0.9513212985459408,0.4875267334266446,32048.54
,++139817817_498498156,139817817_498498156,стол гриль с крышкой,шт,9,13770.53111111111,10300.17,0,123934.78,92701.53,0,0,0,0,0,0,0,0.33692270235453503,0.25201359941091594,31233.25
,121706062_1235856964,,Тапки с мишкой,шт,42,1352.0488095238095,613.3,0,56786.05,25758.6,0,0,0,0,0,0,0,1.2045472191811666,0.5463921156692533,31027.45
,112806580_84561215631,,коврик в палатку,шт,51,1685.80568627451,1086.597254901961,0,85976.09,55416.46,0,0,0,0,0,0,0,0.5514540264751664,0.3554433564029255,30559.63
,118697087_281433030,,Чехол для одежды,,19,3318.9436842105265,1791.89,0,63059.93,34045.91,0,0,0,0,0,0,0,0.8522028049771617,0.4601023185404741,29014.02
,117706937_4587934045,,арка для цветов,шт,7,7837.821428571428,3814.055714285714,0,54864.75,26698.39,0,0,0,0,0,0,0,1.0549834652950982,0.513378079732433,28166.36
,110644491_8541311313,108670607,мини сейф серый пластик,шт,79,1131.1530379746835,785.17,0,89361.09,62028.43,0,0,0,0,0,0,0,0.44064729673151487,0.30586757614527754,27332.66
,104361721_5312123,,Шейкер с фильтром синий,,8,6316.97,2900.415,0,50535.76,23203.32,0,0,0,0,0,0,0,1.1779538445360405,0.5408534471431715,27332.44
,139817817_498498156,,стол гриль без крышки,шт,5,14282,8835.23,0,71410,44176.15,0,0,0,0,0,0,0,0.6164831023074668,0.38137305699481866,27233.85
,122478476_546432123,,зажим для простыней трубы,шт,107,477.3186915887851,225.54084112149533,0,51073.1,24132.87,0,0,0,0,0,0,0,1.116329305217324,0.5274837438886616,26940.23
,103467323_3232323,,Кисть для чая,,29,1996.59,1111.4693103448276,0,57901.11,32232.61,0,0,0,0,0,0,0,0.7963518933154963,0.4433161989467905,25668.5
,23465332268,,Конструктор программируемый,,14,7785.071428571428,6001.71,0,108991,84023.94,1,6510.5,6001.71,0,0,6510.5,6001.71,0.3134782228090635,0.2386626724108489,24458.27
,109849082_8878483984,,сушилка для овощей,шт,47,2079.3568085106385,1559.4506382978723,0,97729.77,73294.18,0,0,0,0,0,0,0,0.3333905911765436,0.2500322061537646,24435.59
,105607592_86453121,,металлоискатель с лотком,шт,6,6649.63,2592.54,0,39897.78,15555.24,0,0,0,0,0,0,0,1.5649093167318537,0.6101226684792989,24342.54
,120002781_845184651,,подушка для новорожденных бежевая с ушками,шт,39,1550.6487179487178,929.36,0,60475.3,36245.04,0,0,0,0,0,0,0,0.6685124364602715,0.4006637420566744,24230.26
,135459804_86545153,,тренажер пальцев ног,шт,46,881.9593478260869,371.28,0,40570.13,17078.88,0,0,0,0,0,0,0,1.3754561189024104,0.5790282160791695,23491.25
,110568369_73883939,,Дождевик черный,,47,2599.6727659574467,2105.5,0,122184.62,98958.5,0,0,0,0,0,0,0,0.23470565944309987,0.19009037307641502,23226.12
,101785631_76858898343,,формочка эскимо,шт,42,858.1935714285714,306.497619047619,0,36044.13,12872.9,0,0,0,0,0,0,0,1.8000007768257347,0.6428572419420305,23171.23
,117786371_4561132132,,варежка пилинг черная,шт,121,317.44272727272727,129.25289256198346,0,38410.57,15639.6,0,0,0,0,0,0,0,1.4559816107828845,0.5928308275560608,22770.97
,141896932_4738938473,,держатели воды в машину,шт,26,1148.0961538461538,275.12,0,29850.5,7153.12,0,0,0,0,0,0,0,3.173074127094191,0.7603685030401501,22697.38
,109434219_5156141512,,светящиеся очки,шт,28,1449.920357142857,644.26,0,40597.77,18039.28,0,0,0,0,0,0,0,1.2505205307528904,0.5556583526632127,22558.49
,131917558_734573745,,кензан медный,шт,20,1545.58,454.9,0,30911.6,9098,0,0,0,0,0,0,0,2.3976258518355684,0.7056768332923563,21813.6
,136259725_288292929,,Массажер для глаз,,54,1216.029074074074,813.03,0,65665.57,43903.62,0,0,0,0,0,0,0,0.495675527439423,0.331405788452,21761.95
,133397424_6573878572,,подставка для посуды,шт,21,1925.7742857142857,892.65,0,40441.26,18745.65,0,0,0,0,0,0,0,1.1573677093085595,0.5364721573956894,21695.61
,550235151,,Набор для создания отпечатка,,25,1165.9552,265.7984,0,29148.88,6644.96,1,1402,269.36,0,0,1402,269.36,3.352042160737813,0.7702228142407362,21371.28
,123554737_854313,,набор для слепка синий,шт,11,5440.909090909091,3499.5327272727272,0,59850,38494.86,0,0,0,0,0,0,0,0.5547530241699801,0.3568110275689223,21355.14
,106822489_312123123,,палочки гарри поттера,шт,8,5521.48875,2888.73,0,44171.91,23109.84,0,0,0,0,0,0,0,0.9113896937408481,0.47682044991941713,21062.07
,116461701_856453131,,набор для слепка розовый,шт,7,6293.13,3385.21,0,44051.91,23696.47,0,0,0,0,0,0,0,0.8590072698591815,0.46207848876473234,20355.44
,104801620_4708190908243,,фурминатор,шт,50,1202.6866,796.87,0,60134.33,39843.5,1,960.13,796.87,0,0,960.13,796.87,0.515475215146608,0.3401409735999811,20127.57
,135662598_45484862625,,Футляр для зубной щетки и мыльницы дорожный,шт,27,1308.4351851851852,567.71,0,35327.75,15328.17,0,0,0,0,0,0,0,1.3047597984625692,0.5661153059563657,19999.58
,116411803_456123123,,вспениватель,шт,80,1013.950375,765.0485000000001,0,81116.03,61203.88,0,0,0,0,0,0,0,0.325341301891318,0.24547737358448138,19912.15
,118072439_7987908,,набор мерных ложек,шт,20,3352.9509999999996,2362.28,0,67059.02,47245.6,0,0,0,0,0,0,0,0.41937069272059196,0.2954624150487138,19813.42
,132658327_5734857932,,сетка багажник,шт,32,1118.510625,505.8075,0,35792.34,16185.84,0,0,0,0,0,0,0,1.2113365756735517,0.5477848053522066,19606.5
,107594478_48345132123,,клипса для простыней белые,шт,46,814.2328260869565,392.31,0,37454.71,18046.26,0,0,0,0,0,0,0,1.075483230320299,0.5181844953545228,19408.45
,137537081_74673472957,,кензан пластиковый,шт,33,813.3527272727272,227,0,26840.64,7491,0,0,0,0,0,0,0,2.5830516619943933,0.7209082942880647,19349.64
,111469780_312123,,жидкая изолента,шт,30,1355.0866666666666,714.405,0,40652.6,21432.15,0,0,0,0,0,0,0,0.8968045669706493,0.47279755784377875,19220.45
,129018713_4561132,,асык правша,шт,5,4103.8,275.05,0,20519,1375.25,0,0,0,0,0,0,0,13.920196327940374,0.9329767532530825,19143.75
,109846267_45613123132,,подстаканник KidGo,шт,51,1053.8088235294117,673.57,0,53744.25,34352.07,1,992.5,673.57,0,0,992.5,673.57,0.566333120536841,0.3615662039647974,19073.25
,118131261_4884867832,,Шейкер с фильтром серый,,9,4988.016666666666,2889.27,0,44892.15,26003.43,0,0,0,0,0,0,0,0.7263934027164878,0.4207577494060766,18888.72
,120492679_5457474654,,горшок дорожный котик,шт,10,5909.6,4038.58,0,59096,40385.8,0,0,0,0,0,0,0,0.4632866007359022,0.3166068769459862,18710.2
,129896152_8932423784638,,неоновые палочки,шт,17,2166.7376470588233,1072.95,0,36834.54,18240.15,0,0,0,0,0,0,0,1.0194208929202886,0.504808530254484,18594.39
,120293721_9865893575,,шторка на лобовое,шт,101,682.5843564356436,500.0941584158416,0,68941.02,50509.51,0,0,0,0,0,0,0,0.3649116770287417,0.2673518610545652,18431.51
,103647563_212156485,,поджопник,шт,15,3255.9006666666664,2064.88,0,48838.51,30973.2,0,0,0,0,0,0,0,0.5767989745973938,0.365803747903038,17865.31
,123055157_5758374954,,подследники,шт,58,427.22879310344825,122.84344827586206,0,24779.27,7124.92,0,0,0,0,0,0,0,2.477831330035986,0.7124644914882481,17654.35
,122251406_5489579342,,универсальный чехол waterproof,шт,46,1290.9556521739132,883.05,0,59383.96,40620.3,1,2256.38,883.05,0,0,2256.38,883.05,0.4376329514498361,0.3044121595908666,17390.33
,120731401_564123132,,пластилин строительный,шт,12,2003.63,561.65,0,24043.56,6739.8,0,0,0,0,0,0,0,2.5673996261016647,0.7196837739502803,17303.76
,112492351_4498652562,,рогатка,шт,49,679.910612244898,328.32,0,33315.62,16087.68,0,0,0,0,0,0,0,1.0708778394398695,0.5171129938449291,17227.94
,157178994_9878897898,,Зеленое биде,шт,28,1748.3789285714288,1143.93,0,48954.61,32030.04,0,0,0,0,0,0,0,0.5283967800227536,0.34571963702703384,16924.57
,23465332198,23465332198,Органайзер на козырек серый доп,шт,12,1941.6175,536.58,0,23299.41,6438.96,0,0,0,0,0,0,0,2.6185051623243507,0.7236427875212291,16860.45
,114376618_9865678645,,чашки пирамидки,шт,73,636.2361643835616,407.89,0,46445.24,29775.97,0,0,0,0,0,0,0,0.5598229041740705,0.3589015795805986,16669.27
,150916766_8753459825,,подарок факушка,шт,35,784.0008571428572,312.14,0,27440.03,10924.9,0,0,0,0,0,0,0,1.5116962168990105,0.6018626801792856,16515.13
,107516976_56412323123,,вакпак 25*15,шт,19,3022.3584210526315,2155.31,0,57424.81,40950.89,0,0,0,0,0,0,0,0.40228478550771424,0.28687809328407005,16473.92
,150990444_7438355432,,пирсинг 180 шт,шт,18,993.5716666666667,81.51,0,17884.29,1467.18,0,0,0,0,0,0,0,11.189567742199321,0.9179626364815153,16417.11
,11779264755,,Накладка на углы бежевый рулон,,17,1450.0929411764705,511.44,0,24651.58,8694.48,0,0,0,0,0,0,0,1.8353139003137624,0.64730536541674,15957.1
,150323304_0864980456,,пятиколесный нож,шт,17,2494.054117647059,1556.63,0,42398.92,26462.71,0,0,0,0,0,0,0,0.6022138322189979,0.37586358331768827,15936.21
,117406673_8644553,,сушилка для обуви,шт,19,1956.5005263157896,1136.52,0,37173.51,21593.88,0,0,0,0,0,0,0,0.7214835870163213,0.41910570188287305,15579.63
,119220282_1356487956341,,держатель очков hyundai,шт,29,1034.0013793103449,498.2648275862069,0,29986.04,14449.68,0,0,0,0,0,0,0,1.0752044335929931,0.5181197650640098,15536.36
,119001924_7389583802,,Защитный фартук для плиты,,14,4535.094285714285,3433.7021428571425,0,63491.32,48071.83,0,0,0,0,0,0,0,0.32075937196482845,0.24285981138839136,15419.49
,132247235_652323233,,Держатель штор,шт,15,2607.05,1579.66,0,39105.75,23694.9,0,0,0,0,0,0,0,0.6503867920945013,0.39408143303734106,15410.85
,157516094_6948768300,,стразы для тела,шт,22,802.6209090909091,104.55363636363636,0,17657.66,2300.18,0,0,0,0,0,0,0,6.6766426975280195,0.8697347213617206,15357.48
,106525924_8593873402,,фломастеры 48 цветов,шт,43,1580.0839534883721,1226.79,0,67943.61,52751.97,0,0,0,0,0,0,0,0.2879824203721681,0.2235918874490184,15191.64
,104045657_574838995,,подстаканник в коляску боковой,шт,47,1238.9342553191489,916.49,0,58229.91,43075.03,0,0,0,0,0,0,0,0.35182517574566985,0.2602593752935562,15154.88
,141662640_8769889400,,походные приборы 3 шт,шт,24,946.6683333333333,324.7825,0,22720.04,7794.78,0,0,0,0,0,0,0,1.9147762990103634,0.6569204983794042,14925.26
,108479520_45651153132,,кулинарный термометр,шт,106,460.038962264151,319.4,0,48764.13,33856.4,0,0,0,0,0,0,0,0.44032236150329035,0.30571098059167673,14907.73
,147009182_5369242743,,набор самураи 6 шт 3 см,шт,18,963.7533333333333,159.90555555555554,0,17347.56,2878.3,0,0,0,0,0,0,0,5.027015946913108,0.8340804124614644,14469.26
,119375875_5616516513,,короб для роутера,шт,6,4140.21,1729.01,0,24841.26,10374.06,0,0,0,0,0,0,0,1.3945552657301,0.5823859176225361,14467.2
,108532136_8745128456,,фонарь ремонтный,шт,62,2708.262580645161,2474.98,0,167912.28,153448.76,0,0,0,0,0,0,0,0.09425634980693229,0.08613735695804976,14463.52
,118016984_678976676,,салатница с теркой,шт,6,9045.916666666666,6726.96,0,54275.5,40361.76,0,0,0,0,0,0,0,0.34472579986601176,0.256353971865759,13913.74
,145876669_7567328745,,воздуходувка,шт,4,11792.5975,8325.05,0,47170.39,33300.2,0,0,0,0,0,0,0,0.41651972060227865,0.2940444206630473,13870.19
,112576671_980823480,,чехол для колес L,шт,19,2951.6668421052627,2229.2194736842102,0,56081.67,42355.17,0,0,0,0,0,0,0,0.3240808619113086,0.24475911648137438,13726.5
,634592785,,мини сейф черный пластик,шт,13,1554.1923076923078,504.79,0,20204.5,6562.27,0,0,0,0,0,0,0,2.0788888601048114,0.6752075032789725,13642.23
,137633111_6746773452,,дрип-пакеты для кофе,шт,49,724.5581632653061,447.17,0,35503.35,21911.33,0,0,0,0,0,0,0,0.6203192594881278,0.3828376758812901,13592.02
,142552013_76483746289,,хна розовая,шт,20,897.8125,218.67,0,17956.25,4373.4,0,0,0,0,0,0,0,3.1057872593405587,0.756441350504699,13582.85
,121778272_23123123,,набор сервировочная доска 2 шт,шт,51,1712.826862745098,1447.28,0,87354.17,73811.28,0,0,0,0,0,0,0,0.18347995048995222,0.15503427025864935,13542.89
,140107020_56745235578,,сетка для пиццы,шт,23,1351.0613043478263,762.38,0,31074.41,17534.74,0,0,0,0,0,0,0,0.7721625755500224,0.4357176853880733,13539.67
,108489572_7584523904,,гольфы лапки,шт,22,913.0609090909091,310.12772727272727,0,20087.34,6822.81,0,0,0,0,0,0,0,1.9441447145677515,0.6603427830663493,13264.53
,122931221_6757348923,,колпачок 4 шт неон зеленый,шт,94,206.1772340425532,70.11,0,19380.66,6590.34,0,0,0,0,0,0,0,1.9407678511275595,0.6599527570268505,12790.32
,128108053_4844984892,,Заглушка черная Venera 10 шт,шт,28,804.9617857142856,352.54,0,22538.93,9871.12,0,0,0,0,0,0,0,1.2833204337501722,0.5620413213936952,12667.81
,118313298_84513211231,,Обруч,шт,28,2227.1282142857144,1759.567857142857,0,62359.59,49267.9,1,2451.13,1765.64,0,0,2451.13,1765.64,0.2611707316662407,0.20708594412208225,12406.2
,118215266_845016436,118215266,Разделители 2 шт,шт,10,3357.1009999999997,2123.972,0,33571.01,21239.72,0,0,0,0,0,0,0,0.5805768625951755,0.36731960104864286,12331.29
,140812573_754456734,,Ролл-шторы черные на присосках,шт,37,1290.368918918919,937.41,0,47743.65,34684.17,2,1345.75,937.41,0,0,2691.5,1874.82,0.37314972713570976,0.27174729729879704,12242.8
,114152372_54123123132,,клипса для простыней черные,шт,30,800.2246666666666,392.31,0,24006.74,11769.3,0,0,0,0,0,0,0,1.0397763673285583,0.5097501784915403,12237.44
,129320796_67577983652,,накладка на ремень,шт,17,1382.8358823529413,667.26,0,23508.21,11343.42,0,0,0,0,0,0,0,1.0724093791819398,0.5174698541488272,12164.79
,147821494_7457438934,,дыхательный тренажер розовый,шт,33,713.4615151515152,346.38,0,23544.23,11430.54,0,0,0,0,0,0,0,1.0597653304218349,0.5145078008497199,12113.69
,145390810_8597527335,,набор кухонных ножей,шт,2,10736.88,4683.55,0,21473.76,9367.1,0,0,0,0,0,0,0,1.2924661848384238,0.5637885493737473,12106.66
,133873074_59582080,,вакуумные силиконовые баночки 4 шт,шт,24,1279.22625,785.24,0,30701.43,18845.76,0,0,0,0,0,0,0,0.6290895140339259,0.3861601886296501,11855.67
,142551991_648219109008,,хна красная,шт,21,758.7209523809523,197.84428571428572,0,15933.14,4154.73,0,0,0,0,0,0,0,2.834939935928448,0.7392397229924548,11778.41
,109523171_8657577457,,зубная паста для котят,шт,25,1194.3396,727.54,0,29858.49,18188.5,0,0,0,0,0,0,0,0.6416136569810594,0.3908432743919736,11669.99
,161071253_684792937,,сервировочный коврик,шт,20,1179.95,598.74,0,23599,11974.8,0,0,0,0,0,0,0,0.9707218492166884,0.4925717191406416,11624.2
,121316727_0982409,,золотая лента 20 мм,шт,29,1116.9113793103447,717.5,0,32390.43,20807.5,0,0,0,0,0,0,0,0.5566709119307942,0.357603464974068,11582.93
,11779264754,,Накладка на углы серый рулон,,8,1947.44125,511.44,0,15579.53,4091.52,0,0,0,0,0,0,0,2.8077609299233535,0.737378470338964,11488.01
,101495525_031518789,122973543_172095040,вакпак 22,шт,26,1233.8365384615383,793.8269230769231,0,32079.75,20639.5,0,0,0,0,0,0,0,0.5542891058407423,0.35661905095893826,11440.25
,320410749,,Разделитель для ящиков большой,,8,2918.815,1505.95,0,23350.52,12047.6,0,0,0,0,0,0,0,0.9381885188751287,0.48405431656339987,11302.92
,136435355_98024243,,золотая лента 30 мм,шт,29,1573.992068965517,1185.326551724138,0,45645.77,34374.47,0,0,0,0,0,0,0,0.3278974192183909,0.24692978122616838,11271.3
,109460216_35132123,,варежка для теста,шт,35,709.3445714285714,393.83914285714286,0,24827.06,13784.37,0,0,0,0,0,0,0,0.8011022629253277,0.4447844408480102,11042.69
,122051113_43298032,,Набор для алмазной мозаики,шт,14,2637.724285714286,1872.28,0,36928.14,26211.92,0,0,0,0,0,0,0,0.4088300284755943,0.29019116586971344,10716.22
,107502625_5413132,,вакпак 28*15,шт,13,3192.4246153846157,2369.08,0,41501.52,30798.04,0,0,0,0,0,0,0,0.3475377004510677,0.2579057345369519,10703.48
,123582478_89456184651,,ночник в розетку,шт,58,422.4355172413793,238.16,0,24501.26,13813.28,0,0,0,0,0,0,0,0.7737467133077733,0.43622164737650226,10687.98
,138346457_456123123,,козырек на зеркало,шт,85,249.3195294117647,124.05317647058824,0,21192.16,10544.52,0,0,0,0,0,0,0,1.009779487354569,0.5024329752134752,10647.64
,117722758_7834659275,,щетка тряпка на лобовое,шт,26,629.1603846153846,208.04153846153847,0,16358.17,5409.08,1,609.75,207.59,0,0,609.75,207.59,2.027674762423844,0.6697135331671368,10546.93
,121433515_564944752,,ситечко для чая,шт,26,780.2488461538461,375.5361538461538,0,20286.47,9763.94,0,0,0,0,0,0,0,1.0776930214646956,0.5186969443180602,10522.53
,108823039_2489908423,,держатель штор белые птички,шт,8,3232.20375,1978.38,0,25857.63,15827.04,0,0,0,0,0,0,0,0.6337628514238923,0.3879160619128667,10030.59
,112441280_658247944,,бейдж пластиковый,шт,42,511.9757142857143,278.91,0,21502.98,11714.22,0,0,0,0,0,0,0,0.8356305413420612,0.45522806606340144,9788.76
,108829359_785445123,,переходник usb type-c,шт,25,1736.5151999999998,1346,0,43412.88,33650,0,0,0,0,0,0,0,0.2901301634472511,0.2248844121836653,9762.88
,142668752 _4708190908277,,kids zone бежевый 4 шт,шт,15,838.3113333333333,187.88,0,12574.67,2818.2,0,0,0,0,0,0,0,3.4619508906394154,0.7758827865860496,9756.47
,146251669_5673489393,,набор цветных прищепок 5 шт,шт,40,361.86800000000005,118.23,0,14474.72,4729.2,0,0,0,0,0,0,0,2.060712171191745,0.6732786540948633,9745.52
,103497148_272828929,,Сушилка белья,,9,3170.5311111111114,2112.19,0,28534.78,19009.71,0,0,0,0,0,0,0,0.5010634039130528,0.3338056224719448,9525.07
,108955793_6485395432,,газовая горелка маленькая,шт,34,1282.5055882352942,1006.72,0,43605.19,34228.48,0,0,0,0,0,0,0,0.2739446799857896,0.21503655872156502,9376.71
,119469501_485943484,,детская панамка розовая,шт,34,947.5732352941176,671.925294117647,0,32217.49,22845.46,0,0,0,0,0,0,0,0.4102359943726237,0.2908988254516413,9372.03
,155101484_12654564561,,фритюрница без подставки,шт,20,1933.065,1466.88,0,38661.3,29337.6,0,0,0,0,0,0,0,0.31780718259162305,0.24116364426441947,9323.7
,162491644_5739587574,,силиконовая сушилка для посуды,шт,9,1711.072222222222,546.52,0,15399.65,4918.68,1,1734.5,546.52,0,0,1734.5,546.52,2.125491747785991,0.6800503470507093,9292.99
,134191782_09880924,,неоновые звезды разноцветные,шт,15,757.7460000000001,139.52733333333333,0,11366.19,2092.91,0,0,0,0,0,0,0,4.4308068669938026,0.8158652987500649,9273.28
,135932817_272882939,,Дождевик серый,,25,659.3008,298.0588,0,16482.52,7451.47,0,0,0,0,0,0,0,1.2119823336871784,0.5479168233983639,9031.05
,115193638_75438922034,,кружка с подогревом,шт,11,2555.870909090909,1738.55,0,28114.58,19124.05,0,0,0,0,0,0,0,0.4701164240838107,0.3197817644794978,8990.53
,137310897_6578940356,,бумажные формочки для кексиков,шт,51,292.4229411764706,116.34235294117647,0,14913.57,5933.46,0,0,0,0,0,0,0,1.5134693753728854,0.6021435511416784,8980.11
,135313704_21312123,,форма для багета,шт,10,1795.55,901.46,0,17955.5,9014.6,0,0,0,0,0,0,0,0.9918243737936236,0.497947704046114,8940.9
,116647314_7648753530,,держатель для душа,шт,4,2394,183.04,0,9576,732.16,0,0,0,0,0,0,0,12.079108391608392,0.9235421888053467,8843.84
,128297075_231123132,128297075,зажим mono 8 шт,шт,13,952.2923076923076,286.24,0,12379.8,3721.12,0,0,0,0,0,0,0,2.326901578019521,0.6994200229405968,8658.68
,116341310_9898042,,набор для вязания,шт,15,2985.1593333333335,2390.1,0,44777.39,35851.5,1,2831.5,2390.1,0,0,2831.5,2390.1,0.25356052048031463,0.20227226076261584,8484.49
,119220282_1356487956320,,Горшок дорожный,,7,3763.215714285714,2553.1857142857143,0,26342.51,17872.3,0,0,0,0,0,0,0,0.47392948865003387,0.32154149319863595,8470.21
,138431862_788985499,,вертушка для попугая,шт,8,1415.4575,360.18,0,11323.66,2881.44,0,0,0,0,0,0,0,2.929861458159809,0.7455381034047296,8442.22
,106054081_5454648452,,электрический штопор,шт,5,3892.43,2208.46,0,19462.15,11042.3,0,0,0,0,0,0,0,0.7625087164811679,0.43262691943079257,8419.85
,119799907_5156441123,,Стул сумочка,шт,22,1443.0081818181818,1063.97,0,31746.18,23407.34,0,0,0,0,0,0,0,0.35624893729915486,0.2626722333206704,8338.84
,111469779_231123123,,жидкая изолента белая,шт,8,1693.72,672.5,0,13549.76,5380,0,0,0,0,0,0,0,1.518542750929368,0.6029449968117516,8169.76
,147129369_7848584952,,гортензия,шт,16,857.9375,352.26,0,13727,5636.16,0,0,0,0,0,0,0,1.4355234769772327,0.589410650542726,8090.84
,106755956_6847895243,,этикет-пистолет,шт,12,1878.6258333333335,1224.47,0,22543.51,14693.64,0,0,0,0,0,0,0,0.534235900702617,0.3482097508329448,7849.87
,116672914_5439753802,,комнатный термометр НТС-2,шт,20,1064.875,674.23,0,21297.5,13484.6,0,0,0,0,0,0,0,0.5793942719843377,0.36684587392886486,7812.9
,119220282_1356487956317,,лоток для золота,шт,5,2085.488,526.3,0,10427.44,2631.5,0,0,0,0,0,0,0,2.9625460763822913,0.7476370039050813,7795.94
,120058498_313212331,,Органайзер на козырек бежевый,шт,15,1054.7833333333333,536.58,0,15821.75,8048.7,0,0,0,0,0,0,0,0.9657522332799086,0.4912888902934252,7773.05
,118346310_768732752,,ремень подтяжка белая 4 шт,шт,13,1058.606923076923,464.59769230769234,0,13761.89,6039.77,0,0,0,0,0,0,0,1.2785453750722295,0.5611235084715834,7722.12
,107569821_98090870,,фартук черный,шт,27,819.36,533.71,0,22122.72,14410.17,0,0,0,0,0,0,0,0.5352157538738266,0.3486257566881468,7712.55
,123410030_5785834355,,стич и уточка,шт,15,1325.41,817.52,0,19881.15,12262.8,0,0,0,0,0,0,0,0.6212569723064879,0.3831946341132178,7618.35
,114223613_958865368,114223613_958865368,брелок Cobalt,шт,9,1630.0844444444444,788.38,0,14670.76,7095.42,0,0,0,0,0,0,0,1.0676379974687897,0.5163563441839414,7575.34
,110006407_7658374893,,силиконовая мыльница,шт,48,454.67583333333334,297.88,0,21824.44,14298.24,0,0,0,0,0,0,0,0.5263724766125062,0.34485191830809864,7526.2
,124105056_9584582942,,ночник луна и космонавт,шт,5,2401.376,900.14,0,12006.88,4500.7,0,0,0,0,0,0,0,1.6677805674672828,0.625156576895913,7506.18
,104486446_958765498,,шлем младенца,шт,28,776.8235714285714,510.01,0,21751.06,14280.28,0,0,0,0,0,0,0,0.5231536076323433,0.34346739883021793,7470.78
,135849679_7690944385,,кернер слесарный,шт,10,1035.6789999999999,289.6,0,10356.79,2896,0,0,0,0,0,0,0,2.576239640883978,0.7203766804193191,7460.79
,105324387_5734873032,,золотая роза,шт,11,1777.7072727272725,1110.56,0,19554.78,12216.16,0,0,0,0,0,0,0,0.6007305077864075,0.37528522437992146,7338.62
,303508190,,щетка от пыли для авто,шт,7,1193.607142857143,152.93714285714287,0,8355.25,1070.56,0,0,0,0,0,0,0,6.804560230159916,0.8718697824720983,7284.69
,135113205_231983210,,кассета 5 минут 5 300s,шт,10,1378.6770000000001,651.9159999999999,0,13786.77,6519.16,0,0,0,0,0,0,0,1.1148077359659834,0.5271437762434565,7267.61
,116139529_6574839532,,алюминиевые формочки для кексиков 20 штук,шт,7,1713.3414285714287,683,0,11993.39,4781,0,0,0,0,0,0,0,1.5085526040577286,0.6013637511996192,7212.39
,123900431_5414123312,,Набор мельниц,шт,4,2901.625,1102.46,0,11606.5,4409.84,0,0,0,0,0,0,0,1.631954900858081,0.6200542799293499,7196.66
,142668752 _4708190908273,,Форма для свеч,,26,905.0403846153847,633.72,0,23531.05,16476.72,0,0,0,0,0,0,0,0.4281392170286319,0.2997881522498996,7054.33
,101724579_5497738493,,фломастеры 80 цветов,шт,26,2269.011153846154,1998.6,0,58994.29,51963.6,0,0,0,0,0,0,0,0.13530028712406378,0.11917577107886204,7030.69
,114169727_15645646333,,замок кодовый,шт,3,3927.75,1590.09,0,11783.25,4770.27,0,0,0,0,0,0,0,1.470143199441541,0.5951651708993698,7012.98
,159816248_657482932,,пароварка-вкладыш,шт,20,725.1455000000001,376.54,0,14502.91,7530.8,0,0,0,0,0,0,0,0.925812662665321,0.48073869313124057,6972.11
,109304978_6578344755,,черный органайзер для кабелей,шт,13,1062.2023076923076,526.49,0,13808.63,6844.37,0,0,0,0,0,0,0,1.0175165866252116,0.5043411258032114,6964.26
,113969166_4759384230,,парные фенечки инь янь,шт,26,482.89269230769236,216.39,0,12555.21,5626.14,0,0,0,0,0,0,0,1.2315850654267402,0.5518880209888962,6929.07
,119408939_6784857253,,детская панамка синяя,шт,34,866.7179411764706,663.394705882353,0,29468.41,22555.42,0,0,0,0,0,0,0,0.30648908333340724,0.23458985401655535,6912.99
,128665341_231213123,,3D ручка синяя,шт,16,2399.0025,1983.78,0,38384.04,31740.48,0,0,0,0,0,0,0,0.20930874391313553,0.17308131192026685,6643.56
,124116277_90989042,,клеенка ромашка,шт,27,718.905925925926,475.78,0,19410.46,12846.06,0,0,0,0,0,0,0,0.5110049306947033,0.33818879099207333,6564.4
,142733788_45123312,,ручка для крышки Tomiris,шт,8,1099.28125,279.82,0,8794.25,2238.56,0,0,0,0,0,0,0,2.928529947823601,0.7454518577479603,6555.69
,128315710_231123312,,силиконовые носки,шт,51,311.72686274509806,184.23,0,15898.07,9395.73,0,0,0,0,0,0,0,0.6920526664772189,0.40900184739405476,6502.34
,117007007_64651611541,,светильник медуза с цветной ножкой,шт,3,2129.63,0,0,6388.89,0,0,0,0,0,0,0,0,0,1,6388.89
,118067916_123123132,,кухонные ножницы золото,шт,18,954.4377777777778,601.5,0,17179.88,10827,0,0,0,0,0,0,0,0.5867627228225732,0.36978605205624254,6352.88
,108733687_7577548200,,3D ручка розовая,шт,17,2356,1983.78,0,40052,33724.26,0,0,0,0,0,0,0,0.18763169303047716,0.15798811544991512,6327.74
,119469033_4744747492,,футляр только для зубной щетки,шт,8,1139.5,357.29,0,9116,2858.32,0,0,0,0,0,0,0,2.1892860141621653,0.6864501974550241,6257.68
,133884877_575284025,,когтерезка,шт,14,653.4835714285714,209.28,0,9148.77,2929.92,0,0,0,0,0,0,0,2.122532355832241,0.6797471135464112,6218.85
,107068711_980808989,,сидушка в баню с чехлом,шт,32,503.3190625,314.965,0,16106.21,10078.88,0,0,0,0,0,0,0,0.5980158509675678,0.3742239794464371,6027.33
,135126149_66231809812,,лопатка силикон,шт,6,1455,451.16,0,8730,2706.96,0,0,0,0,0,0,0,2.2250199485770015,0.6899243986254295,6023.04
,102638498_525223123,,термометр с щупом,шт,25,1548.9723999999999,1293.76,0,38724.31,32344,1,1652.88,1293.76,0,0,1652.88,1293.76,0.19391766376040895,0.16242130395293627,6021.19
,103964855_607083556,,Kids Zone защита острые углы 00329 серый,,27,283.9688888888889,61.66555555555556,0,7667.16,1664.97,0,0,0,0,0,0,0,3.6049838735833077,0.7828439735182258,6002.19
,137923334_56451312312,,зажим простыней угол большой,шт,11,1263.6736363636364,720.57,0,13900.41,7926.27,0,0,0,0,0,0,0,0.7537139158772033,0.4297815675940494,5974.14
,11779264752,,Толщиномеры,,20,1501.75,1205.18,0,30035,24103.6,0,0,0,0,0,0,0,0.24607942382050815,0.19748293657399701,5931.4
,103834372_5783878342,,набор тряпок 15*25,шт,16,749.293125,380.34,0,11988.69,6085.44,0,0,0,0,0,0,0,0.9700613267076826,0.4924015884971586,5903.25
,128787564_5765732725,,ошейник для собак бежевый,шт,4,2744,1289.36,0,10976,5157.44,0,0,0,0,0,0,0,1.128187627970466,0.5301166180758018,5818.56
,142668752 _4708190908270,,Розовое биде,,24,1711.8216666666665,1472.24,0,41083.72,35333.76,0,0,0,0,0,0,0,0.16273275190639208,0.13995714117416827,5749.96
,116055798_132123123,,алюминевая форма для кексов 10 штук,шт,7,1160.62,342.63,0,8124.34,2398.41,0,0,0,0,0,0,0,2.3873858097656364,0.704787096551843,5725.93
,129253673_67308420507,,асык левша,шт,1,5635.5,0,0,5635.5,0,0,0,0,0,0,0,0,0,1,5635.5
,677105951,,Пианино,,1,20473,14976.08,0,20473,14976.08,0,0,0,0,0,0,0,0.3670466503918248,0.26849606799198944,5496.92
,119220282_1356487956331,,Подушка на поясницу,шт,3,3921.75,2090.77,0,11765.25,6272.31,0,0,0,0,0,0,0,0.8757443429932513,0.4668783068783069,5492.94
,137990014_5154556562,,сумка для инструментов,шт,8,3076.61125,2395.01,0,24612.89,19160.08,0,0,0,0,0,0,0,0.284592235523025,0.22154285823403916,5452.81
,122255206_7835937762,,походный коврик,шт,2,4135.25,1464.975,0,8270.5,2929.95,0,0,0,0,0,0,0,1.8227444154337105,0.6457348406988694,5340.55
,124298020_8665538392,,термощуп с дисплеем,шт,2,4134.38,1515.77,0,8268.76,3031.54,0,0,0,0,0,0,0,1.7275774029041346,0.6333742907038057,5237.22
,110397698_389472924,,сервировочная доска,шт,54,819.0142592592592,723.64,0,44226.77,39076.56,0,0,0,0,0,0,0,0.131797937177684,0.11645005954538394,5150.21
,112424948_213123123312,,подстаканник в коляску,шт,14,958.8771428571429,591.54,0,13424.28,8281.56,0,0,0,0,0,0,0,0.6209844522046571,0.3830909367206286,5142.72
,106413371_1648416513,,выжимка для цепи,шт,15,1098.902,756.14,0,16483.53,11342.1,0,0,0,0,0,0,0,0.4533049435289761,0.31191316423120535,5141.43
,102558560_7587498420,,фломастеры 120 цветов,шт,9,3698.9722222222226,3132.11,0,33290.75,28188.99,0,0,0,0,0,0,0,0.18098413600487281,0.1532485750546323,5101.76
,136652463_5667482308,,зажим для простыней разноцветная,шт,6,1052.0416666666667,202.4,0,6312.25,1214.4,0,0,0,0,0,0,0,4.197834321475626,0.8076121826606995,5097.85
,117473868_542998498,,Accessories наклейка Toyota 9x9 см,,26,542.4653846153847,347.125,0,14104.1,9025.25,0,0,0,0,0,0,0,0.5627378742971109,0.36009741848115084,5078.85
,136890679_6734788934,,держатель очков бордо,шт,11,696.2981818181818,237.23,0,7659.28,2609.53,0,0,0,0,0,0,0,1.9351185845727008,0.6592982630221117,5049.75
,141835555_231123123,141835555,коврик для бани,шт,25,545.1296,345.8,0,13628.24,8645,0,0,0,0,0,0,0,0.5764303065355697,0.36565543313003,4983.24
,112430841_534983843,,подставка для наушников,шт,8,1041.8125,430.08,0,8334.5,3440.64,0,0,0,0,0,0,0,1.4223690941220237,0.5871809946607475,4893.86
,116848846_6756838244,,лопатка для простыней зеленая,шт,8,1030.235,419.57,0,8241.88,3356.56,0,0,0,0,0,0,0,1.4554543937841122,0.5927434032041233,4885.32
,147806914_4561354444,,розовый комплект 8 шт,шт,5,2886.3779999999997,1921.11,0,14431.89,9605.55,0,0,0,0,0,0,0,0.5024532692037416,0.33442189484537366,4826.34
,140777998_7754595893,,лавовая лампа оранжевая,шт,2,5914.44,3506.26,0,11828.88,7012.52,0,0,0,0,0,0,0,0.686822996583254,0.4071695714218083,4816.36
,106292014_867598942,,брелок кпп,шт,50,286.4,190.43,0,14320,9521.5,0,0,0,0,0,0,0,0.5039647114425249,0.33509078212290505,4798.5
,151853049_8576798554,,декоративный светильник,шт,4,2369.91,1181.22,0,9479.64,4724.88,0,0,0,0,0,0,0,1.0063239701325748,0.5015760092155398,4754.76
,138269054_5674849922,,силиконовая формочка для сосисок,шт,28,451.8514285714285,282.06,0,12651.84,7897.68,0,0,0,0,0,0,0,0.6019691858875011,0.37576826769861144,4754.16
,142845353_54445615,,гольфы белые,шт,11,552.8181818181819,129.65,0,6081,1426.15,0,0,0,0,0,0,0,3.2639273568698943,0.7654744285479362,4654.85
,121161854_757878439,,ланчбокс 2хярусный,шт,6,3037,2265.1116666666667,0,18222,13590.67,0,0,0,0,0,0,0,0.34077275071795576,0.2541614531884535,4631.33
,581863811,,Золотая лента 5 мм,,6,978.9166666666667,209.46,0,5873.5,1256.76,0,0,0,0,0,0,0,3.6735255736974444,0.7860287733038223,4616.74
,105980449_23123123,,держатель телефона паутина,шт,19,529.5010526315789,289.6847368421053,0,10060.52,5504.01,0,0,0,0,0,0,0,0.827852783697704,0.4529099887480965,4556.51
,118156260_798986993,,набор для создания отпечатка красный,шт,6,1026.7116666666668,269.36,0,6160.27,1616.16,0,0,0,0,0,0,0,2.8116708741708742,0.7376478628371809,4544.11
,109903355_5737208574,,кондитерский валик,шт,35,491.31428571428575,362.66,0,17196,12693.1,0,0,0,0,0,0,0,0.3547517942819327,0.2618574086996976,4502.9
,128305275_753759394,,форма машинка,шт,8,1019.955,458.05,0,8159.64,3664.4,0,0,0,0,0,0,0,1.2267328894225522,0.5509115598237178,4495.24
,122331806_023984082,,водородная бутылка,шт,26,3503.0196153846155,3330.21,0,91078.51,86585.46,0,0,0,0,0,0,0,0.0518915069574037,0.04933161510876715,4493.05
,109645230_363759565,109645230_363759565,Щетка для одежды,шт,12,1064.9383333333333,693.17,0,12779.26,8318.04,0,0,0,0,0,0,0,0.5363306740530221,0.3490984611002515,4461.22
,117719675_567483753,,настольная табличка А5,шт,11,799.9127272727272,399.18,0,8799.04,4390.98,0,0,0,0,0,0,0,1.0038897922559429,0.5009705604247736,4408.06
,108539357_080808800,,переходник плоский с широким входом,шт,90,101.98722222222223,53.47,0,9178.85,4812.3,0,0,0,0,0,0,0,0.9073727739334622,0.475718635776813,4366.55
,140796702_568793952,,брелок фотоальбом,шт,21,405.00428571428574,201.85,0,8505.09,4238.85,0,0,0,0,0,0,0,1.0064616582327754,0.501610212237613,4266.24
,131509052_75485459346,,спрунки плющ черный блэк,шт,10,810.492,386.58,0,8104.92,3865.8,0,0,0,0,0,0,0,1.0965699208443271,0.5230304555751322,4239.12
,109268240_454683213,,держатель фена,шт,30,496.3296666666667,355.62,0,14889.89,10668.6,0,0,0,0,0,0,0,0.39567422154734455,0.2835004153825179,4221.29
,143359854_5433356742,,мимоза,шт,9,742.5544444444444,279.89,0,6682.99,2519.01,0,0,0,0,0,0,0,1.6530224175370483,0.6230714096534635,4163.98
,145058144_56783847462,,черные колпачки 4 шт CHANGAN,шт,2,2319.88,250.55,0,4639.76,501.1,0,0,0,0,0,0,0,8.259149870285372,0.8919987240719347,4138.66
,23465332200,,салфетки для очков,шт,32,426.8228125,300.1,0,13658.33,9603.2,0,0,0,0,0,0,0,0.4222686187937354,0.2968979370098687,4055.13
,119220282_1356487956345,,форма для аэрогриля силикон 20 см,шт,29,726.7558620689655,587.02,0,21075.92,17023.58,0,0,0,0,0,0,0,0.23804276186325085,0.19227345710175403,4052.34
,136435317_87319789231,,золотая лента 10 мм,шт,10,844.79,441.54,0,8447.9,4415.4,0,0,0,0,0,0,0,0.9132807899624044,0.4773375631813824,4032.5
,115781235_893242334635,,футляр зубной щетки bdo (БЕЛЫЙ),шт,5,1072.75,267.67,0,5363.75,1338.35,0,0,0,0,0,0,0,3.0077334030709455,0.7504824050337917,4025.4
,140506632_2312132,,мерная чаша силиконовая,шт,7,1324.61,760.3842857142856,0,9272.27,5322.69,0,0,0,0,0,0,0,0.7420270577471166,0.42595610352157565,3949.58
,131508774_5747758745,,спрунки плющ розовый пинки,шт,9,891.9177777777778,454.68,0,8027.26,4092.12,0,0,0,0,0,0,0,0.961638466125138,0.49022206830226006,3935.14
,129920263_312123123,,черная наклейка hyunday,шт,13,1023.22,721.28,0,13301.86,9376.64,0,0,0,0,0,0,0,0.41861690328305234,0.2950880553546647,3925.22
,114953783_3856383729,,шарики панда для стирки,шт,11,486.7327272727273,131.92,0,5354.06,1451.12,0,0,0,0,0,0,0,2.68960527041182,0.7289682969559549,3902.94
,147867423_7573289858,,крючки на присосках черные 2 шт,шт,3,1981.21,691.17,0,5943.63,2073.51,0,0,0,0,0,0,0,1.8664583242906956,0.6511374362132233,3870.12
,140506632_90898088,,мерная чаша силикон,шт,3,2022.96,769.77,0,6068.88,2309.31,0,0,0,0,0,0,0,1.6280057679566624,0.6194833313560327,3759.57
,571199732,,держатель очков toyota,шт,6,1138.63,516.06,0,6831.78,3096.36,0,0,0,0,0,0,0,1.2063907297601053,0.5467711196789123,3735.42
,117348303_5123123123,,гольфы черные,шт,29,235.2696551724138,107.3,0,6822.82,3111.7,0,0,0,0,0,0,0,1.192634251373847,0.5439275841953913,3711.12
,145357909_9852709494,,пятиколесный нож,шт,11,1893.7045454545455,1556.63,0,20830.75,17122.93,0,0,0,0,0,0,0,0.2165412111128177,0.1779974316815285,3707.82
,119798345_789561215,,Лупа очки,шт,4,3400.2525,2475.91,0,13601.01,9903.64,0,0,0,0,0,0,0,0.3733344507675966,0.2718452526687356,3697.37
,112882242_5123312132,,наклейки защитные прозрачные,шт,36,468.6408333333334,361.01,0,16871.07,12996.36,1,599.25,361.01,0,0,599.25,361.01,0.28780128765724733,0.22348268355967557,3636.47
,121021356_564185641,,Ключница вверх,шт,7,744.91,227.75,0,5214.37,1594.25,0,0,0,0,0,0,0,2.2707354555433588,0.6942583667825644,3620.12
,139228736_123132532,,контейнер для элайнеров,шт,15,740.8926666666666,500.47,0,11113.39,7507.05,0,0,0,0,0,0,0,0.48039376319592914,0.32450404422053036,3606.34
,131508846_8754894867,,спрунки плющ зеленый винерия,шт,9,852.5866666666667,458.13,0,7673.28,4123.17,0,0,0,0,0,0,0,0.8610147047053602,0.46265873264106094,3550.11
,110061696_7657889305,,защитный фартук для плиты геометрия,шт,13,630.5584615384615,361.4384615384616,0,8197.26,4698.7,0,0,0,0,0,0,0,0.7445804158597059,0.42679627094907324,3498.56
,131093290_8545313123,128297075,фиксатор одеяла кнопка моно,шт,14,391.9642857142857,143.12,0,5487.5,2003.68,0,0,0,0,0,0,0,1.7387107721791903,0.6348646924829158,3483.82
,117337771_46832292753,,эспандер для кисти,шт,3,5052.213333333333,3903.61,0,15156.64,11710.83,0,0,0,0,0,0,0,0.2942413133825698,0.22734656229876807,3445.81
,115032741_564654652,,лупа х10,шт,8,1261.89125,772.48,0,10095.13,6179.84,1,1253.25,772.48,0,0,1253.25,772.48,0.6351565273996923,0.38843775305704215,3434.52
,107447119_6547839395,,открывашка пики,шт,20,275.34950000000003,107.16,0,5506.99,2143.2,0,0,0,0,0,0,0,1.5695175438596491,0.6108218827344883,3363.79
,137412666_1259484662,,подстаканник в коляску 2.0,шт,8,2424.92375,2007.78,0,19399.39,16062.24,0,0,0,0,0,0,0,0.20776367430694598,0.17202345022188842,3337.15
,134655481_54123123,,Держатель шеи,,12,599.25,321.6716666666667,0,7191,3860.06,0,0,0,0,0,0,0,0.8629244105013911,0.46320956751494924,3330.94
,121263817_3865833253,,картхолдер,шт,21,440.3223809523809,282.95,0,9246.77,5941.95,0,0,0,0,0,0,0,0.5561844175733556,0.3574026389755558,3304.82
,117473829_834474766,,Accessories наклейка Hyundai 9x9 см,,21,517.1909523809524,360.41190476190474,0,10861.01,7568.65,0,0,0,0,0,0,0,0.43499963665911356,0.30313571205624523,3292.36
,101902634_123126575,,металлоискатель,шт,4,2765.5025,1945.45,0,11062.01,7781.8,0,0,0,0,0,0,0,0.42152329795163074,0.296529292596915,3280.21
,23465332242,,Led лента,,5,7006,6359.33,0,35030,31796.65,0,0,0,0,0,0,0,0.10168838541167073,0.09230231230373966,3233.35
,142668752 _4708190908272,,Кольцо для мяча тигренок,,12,858.9983333333333,590.225,0,10307.98,7082.7,0,0,0,0,0,0,0,0.45537436288421085,0.3128915655637671,3225.28
,129093655_8562331,,хлопок 10 шт,шт,10,809.362,489.7,0,8093.62,4897,0,0,0,0,0,0,0,0.6527710843373494,0.39495553287651264,3196.62
,117190986_48752395832,,Авиагамак,шт,15,1768.9933333333333,1558.57,0,26534.9,23378.55,0,0,0,0,0,0,0,0.13501051177254364,0.11895089109060143,3156.35
,134995275_908098423,,кассета love forever 2 60s,шт,6,1128.6466666666668,610.33,0,6771.88,3661.98,0,0,0,0,0,0,0,0.8492400286183976,0.4592373166683403,3109.9
,143283320_58374823944,,черные колпачки 4 шт CHEVROLET,шт,10,560.192,250.55,0,5601.92,2505.5,0,0,0,0,0,0,0,1.2358491319097984,0.5527426310979093,3096.42
,143283558_5873499026,,черные колпачки 4 шт HYUNDAI,шт,5,867.58,250.55,0,4337.9,1252.75,0,0,0,0,0,0,0,2.4627020554779486,0.7112081882938749,3085.15
,150887989_231123,,игрушка девочка мальчик красные,шт,6,918.2716666666668,411.39,0,5509.63,2468.34,0,0,0,0,0,0,0,1.2321195621348762,0.5519953245499244,3041.29
,107066645_897498087,118215266,Разделитель ящиков маленький,шт,2,2599,1080.23,0,5198,2160.46,0,0,0,0,0,0,0,1.4059690991733242,0.5843670642554829,3037.54
,131937046_54123123,,бумажная форма для аэрогриля круглая 50 штук,шт,35,364.06571428571425,277.97,0,12742.3,9728.95,0,0,0,0,0,0,0,0.3097302381038036,0.2364839942553542,3013.35
,105536965_5093259724,,бенч скребок стальной,шт,7,810.0585714285714,382.42,0,5670.41,2676.94,0,0,0,0,0,0,0,1.1182432180026447,0.5279106801800928,2993.47
,136406551_8785492325,,очки Minecraft,шт,5,728.802,134.14,0,3644.01,670.7,0,0,0,0,0,0,0,4.43314447592068,0.8159445226549872,2973.31
,131508390_4785475894,,спрунки плющ серый грэй,шт,8,754.65875,386.58,0,6037.27,3092.64,0,0,0,0,0,0,0,0.9521412126856019,0.48774197609184283,2944.63
,115141741_154546845,,спиртомер,шт,14,384.27285714285716,176.34,0,5379.82,2468.76,0,0,0,0,0,0,0,1.1791587679644842,0.5411073232933444,2911.06
,108000568_675489335556,,термометр в аквариум,шт,15,284.88,91.84,0,4273.2,1377.6,0,0,0,0,0,0,0,2.10191637630662,0.677618646447627,2895.6
,132452764_546153123,,кассеты best wishes for you 5 60s,шт,11,861.6927272727272,602.35,0,9478.62,6625.85,0,0,0,0,0,0,0,0.430551551876363,0.30096891741624837,2852.77
,110839792_5674383945,,серый органайзер для кабелей,шт,4,1229.5975,516.98,0,4918.39,2067.92,0,0,0,0,0,0,0,1.3784237301249564,0.5795534717661673,2850.47
,144170610_676577483,,клипса для простыней LOVE розовый 6 шт,шт,6,501.025,39.36,0,3006.15,236.16,0,0,0,0,0,0,0,11.729293699186991,0.9214410458559952,2769.99
,112564591_7857894975,,циновка для роллов,шт,8,696.5025,351.27,0,5572.02,2810.16,0,0,0,0,0,0,0,0.982812366555641,0.49566584470263925,2761.86
,129700650_231123132,,кисть для масок черная,шт,6,532.2133333333334,72.745,0,3193.28,436.47,0,0,0,0,0,0,0,6.316150021765528,0.8633160887864515,2756.81
,111972918_6578434356,,шлейка жилетик,шт,2,2653,1278.86,0,5306,2557.72,0,0,0,0,0,0,0,1.0745038549958557,0.5179570297776103,2748.28
,114161595_264725129,,Рейлинг,,1,6125,3419.52,0,6125,3419.52,0,0,0,0,0,0,0,0.7911870671907169,0.4417110204081633,2705.48
,101495446_9809809,,пакет для вакууматора 12*500,шт,16,512.271875,343.41,0,8196.35,5494.56,0,0,0,0,0,0,0,0.4917209021286509,0.32963331238905125,2701.79
,101495535_312989132,,Пакет для вакуумного упаковщика 25x500 см Zhabanya,шт,8,1046.2325,708.73,0,8369.86,5669.84,0,0,0,0,0,0,0,0.47620744147983013,0.3225884303919062,2700.02
,141997235_7588939484,,серебристые колпачки 4 шт + ключ MB,шт,7,643.9514285714286,260.04,0,4507.66,1820.28,0,0,0,0,0,0,0,1.476355285999956,0.5961807234795881,2687.38
,117848532_753835622,,брелок спинер,шт,6,641.395,205.77,0,3848.37,1234.62,0,0,0,0,0,0,0,2.117048160567624,0.6791836543783472,2613.75
,117473824_040714795,117473824_040714795,Наклейки защитные chevrolet,шт,15,521.0213333333334,347.05,0,7815.32,5205.75,0,0,0,0,0,0,0,0.5012860778946358,0.3339044338555555,2609.57
,131509112_785794578,,спрунки плющ оранжевый орен,шт,6,755.5416666666667,322.15,0,4533.25,1932.9,0,0,0,0,0,0,0,1.345310155724559,0.5736171620801853,2600.35
,106256078_329837287,23465332198,органайзер на козырек серый,,3,1392.38,536.58,0,4177.14,1609.74,0,0,0,0,0,0,0,1.5949159491594915,0.6146310633591404,2567.4
,118803794_57482993467,,Разделочная доска 29*20,шт,37,1065.2702702702702,995.17,0,39415,36821.29,1,1050.25,995.17,0,0,1050.25,995.17,0.07085975260508255,0.06617089906750337,2538.63
,104801620_4708190908244,,пакет для вакууматора 20*500,шт,4,912.18,279,0,3648.72,1116,0,0,0,0,0,0,0,2.269462365591398,0.6941393146089587,2532.72
,118295952_99008890042,,набор джут корзинок 2 шт brown и white,шт,13,1912.0923076923077,1717.6,0,24857.2,22328.8,0,0,0,0,0,0,0,0.11323492529826949,0.10171700754710909,2528.4
,121009600_983420823,,спонж для макияжа,шт,19,268.04263157894735,127.98,0,5092.81,2431.62,1,265.88,127.98,0,0,265.88,127.98,1.0953490996857147,0.5227525570082848,2523.29
,120241915_5748375324,,скалка сталь,шт,15,915.06,751.16,0,13725.9,11267.4,0,0,0,0,0,0,0,0.2181958570743916,0.1791139378838546,2458.5
,156498344_6578923984,,чайная пара,шт,19,2099.213157894737,1969.98,0,39885.05,37429.62,0,0,0,0,0,0,0,0.06560125376640212,0.061562665710585794,2455.43
,140402067_5493720957,,карманец между сиденьями,шт,8,650,305.92,0,5200,2447.36,1,643,305.92,0,0,643,305.92,1.1280073221757323,0.5300768049155146,2415.56
,107434021_5939357502,,чехол на сиденье унитаза,шт,10,524.015,285.16,0,5240.15,2851.6,0,0,0,0,0,0,0,0.8376174779071398,0.4558171044722002,2388.55
,131508815_758457389,,спрунки плющ беж таннер,шт,2,1576.13,386.58,0,3152.26,773.16,0,0,0,0,0,0,0,3.0771121113352993,0.7547283536256527,2379.1
,132997045_6548392935,,кобура,шт,10,673.19,436.908,0,6731.9,4369.08,0,0,0,0,0,0,0,0.5408049291841761,0.35098857677624445,2362.82
,136004777_7552675232,,формочка асык,шт,6,1096.8333333333333,706.04,0,6581,4236.24,0,0,0,0,0,0,0,0.553500273827734,0.3562923567846832,2344.76
,143552554_78684394375,,стеклоочиститель,шт,1,8380.5,6044.68,0,8380.5,6044.68,0,0,0,0,0,0,0,0.38642574958475884,0.27872084004534337,2335.82
,119844420_23123312,,клипса для удочки,шт,18,313.1383333333333,184,0,5636.49,3312,0,0,0,0,0,0,0,0.701838768115942,0.412400270381035,2324.49
,101495499_448809935,,пакет для вакууматора 17*500,шт,5,841.92,378.76,0,4209.6,1893.8,0,0,0,0,0,0,0,1.2228324004646742,0.5501235271759787,2315.8
,113542742_8659450302,,ночник галактика,шт,2,2057.815,900.14,0,4115.63,1800.28,0,0,0,0,0,0,0,1.2861054947008244,0.5625748670312929,2315.35
,133559597_492799423,,органайзер архимед зеленый,шт,6,1402,1016.39,0,8412,6098.34,0,0,0,0,0,0,0,0.37939176890760434,0.27504279600570614,2313.66
,110248356_4758893532,,щетка для тела,шт,12,378.75,185.99,0,4545,2231.88,0,0,0,0,0,0,0,1.0363998064412066,0.5089372937293729,2313.12
,103252074_165456452,,открывалка морской конек,шт,10,369.79900000000004,139.18,0,3697.99,1391.8,0,0,0,0,0,0,0,1.6569837620347752,0.6236333792141137,2306.19
,130946716_657365729,,набор самураи 2 шт,шт,11,478.04727272727274,268.48,0,5258.52,2953.28,0,0,0,0,0,0,0,0.7805694008018204,0.4383819021321589,2305.24
,141974900_23123123,,банка уточка лэппэгэр,шт,15,862.11,711.39,0,12931.65,10670.85,0,0,0,0,0,0,0,0.2118669084468435,0.17482687824059576,2260.8
,136627050_31988909,,золотая лента 15 мм,шт,14,806.7607142857144,647.6,0,11294.65,9066.4,0,0,0,0,0,0,0,0.2457700961792994,0.19728366970202707,2228.25
,106427606_3458962189,,каподастр,шт,6,741.21,371.58,0,4447.26,2229.48,0,0,0,0,0,0,0,0.9947521395123526,0.49868458331646903,2217.78
,110184579_7540203587,,Коврик в палатку 150*200,шт,2,1948.44,864.64,0,3896.88,1729.28,0,0,0,0,0,0,0,1.2534696521095485,0.5562398636858205,2167.6
,130909634_569394057,,съемник для укорачивания браслетов,шт,5,549.038,126.86,0,2745.19,634.3,0,0,0,0,0,0,0,3.3279047769194388,0.768941311894623,2110.89
,110897754_5645456132,,художественный набор,шт,1,7054.38,4946.08,0,7054.38,4946.08,0,0,0,0,0,0,0,0.42625675282243713,0.29886396820131605,2108.3
,120525833_985635799,,тарелка овал,шт,1,2102,0,0,2102,0,0,0,0,0,0,0,0,0,1,2102
,119383154_5783439422,,черные колпачки 4 шт TOYOTA,шт,7,549.88,250.55,0,3849.16,1753.85,0,0,0,0,0,0,0,1.194691678307723,0.5443551320288063,2095.31
,104088271_8596945834,,Кукольный театр,шт,8,891.65625,633.85,0,7133.25,5070.8,0,0,0,0,0,0,0,0.4067306933817149,0.28913188238180354,2062.45
,102917350_6545615285,,заглушки бело-голубые,шт,24,263.67583333333334,181.94,0,6328.22,4366.56,0,0,0,0,0,0,0,0.4492460884540691,0.3099860624314578,1961.66
,116097085_213123,,подтяжки для одеяла 6 конечные,шт,15,792.304,663.94,0,11884.56,9959.1,0,0,0,0,0,0,0,0.19333674729644246,0.1620135705486783,1925.46
,118296499_98080234,,корзина джут white 2 шт,шт,10,1909.9,1717.6,0,19099,17176,0,0,0,0,0,0,0,0.11195854680950162,0.10068589978532907,1923
,108665518_7588324555,,насадка дозатор,шт,11,298.1372727272727,127.02454545454546,0,3279.51,1397.27,0,0,0,0,0,0,0,1.347083956572459,0.5739393994834594,1882.24
,124538517_756579039,,мячик для котят,шт,7,683.2528571428571,427.66,0,4782.77,2993.62,0,0,0,0,0,0,0,0.5976543449068352,0.3740823832214386,1789.15
,154429677_3875937584,,Разделочные доски 24*35 28*39,шт,1,5023,3248.17,0,5023,3248.17,0,0,0,0,0,0,0,0.5464092088776141,0.3533406330877961,1774.83
,150008308_4184412333,,Разветвитель шнуровой,шт,1,2786.88,1024.11,0,2786.88,1024.11,0,0,0,0,0,0,0,1.7212701760553066,0.6325245435756114,1762.77
,116889260_7587844784,,бутылка для соуса,шт,10,427.9,217.52,0,4279,2175.2,2,401.75,217.52,0,0,803.5,435.04,0.9972301397572637,0.49930657459358363,1735.34
,*108670607_8545313,108670607,мини сейф серый пластик доп,шт,3,1358,785.17,0,4074,2355.51,0,0,0,0,0,0,0,0.7295617509583912,0.42181885125184093,1718.49
,110152534_7649035548,,сантехнический гаечный ключ,шт,4,857.755,444.8725,0,3431.02,1779.49,0,0,0,0,0,0,0,0.9280917566268987,0.4813524841009379,1651.53
,130310222_89347693572,,светильник розы,шт,5,2731.25,2402.76,0,13656.25,12013.8,0,0,0,0,0,0,0,0.13671361267875276,0.12027093821510297,1642.45
,131131561_689458574,,монетница черная,шт,2,1244.405,425.4,0,2488.81,850.8,0,0,0,0,0,0,0,1.9252585801598496,0.6581498788577673,1638.01
,141974853_2231123123123,,масленка желтый/серебро с кисточкой,шт,4,1507,1098.8,0,6028,4395.2,0,0,0,0,0,0,0,0.37149617764834364,0.27086927670869276,1632.8
,103489718_844533531,,джиггер,шт,30,423.983,370.56,0,12719.49,11116.8,0,0,0,0,0,0,0,0.14416828583765112,0.1260026935042207,1602.69
,997217641,,Подушки в самолет,,2,2921.98,2122.45,0,5843.96,4244.9,0,0,0,0,0,0,0,0.3767014535089166,0.27362610284806876,1599.06
,122837230_178366611,,форма для льда мишки,шт,1,1576,0,0,1576,0,0,0,0,0,0,0,0,0,1,1576
,123436050_4387557872,,полка для роутера,шт,15,719.8333333333333,617.38,0,10797.5,9260.7,0,0,0,0,0,0,0,0.16594857840120078,0.14232924288029636,1536.8
,150679626_77469520325,,перчатка фонарь,шт,2,1530.63,764.83,0,3061.26,1529.66,0,0,0,0,0,0,0,1.001268255690807,0.5003168629910559,1531.6
,133949535_64589493572,,парные браслеты цепи,шт,7,380.8542857142857,164.49,0,2665.98,1151.43,0,0,0,0,0,0,0,1.3153643729970559,0.5681025364031238,1514.55
,117966660_123132123,,набор форм 11 штук,шт,7,933.1428571428571,717.39,0,6532,5021.73,0,0,0,0,0,0,0,0.3007469537390501,0.2312109614206981,1510.27
,124214213_5677485356,,держатель проводов черный,шт,19,125.36315789473684,46.11,0,2381.9,876.09,0,0,0,0,0,0,0,1.718784599755733,0.6321885889416012,1505.81
,120529319_5734957034,,ночник млечный путь,шт,1,2364.5,900.14,0,2364.5,900.14,0,0,0,0,0,0,0,1.6268136067722798,0.6193106364982026,1464.36
,131616156_784567847,,спрунки плющ белый вэнда,шт,4,750.41,386.58,0,3001.64,1546.32,0,0,0,0,0,0,0,0.9411506027212996,0.48484161991444674,1455.32
,140113652_5648928875,,черные колпачки 4 шт BMW,шт,5,541.08,250.55,0,2705.4,1252.75,0,0,0,0,0,0,0,1.15956894831371,0.5369446292599985,1452.65
,115439336_894561231,,щипцы золото,шт,5,800.562,519.44,0,4002.81,2597.2,0,0,0,0,0,0,0,0.5412020637609734,0.35115581304133847,1405.61
,116096297_429432924,,коврик под лоток розовый,шт,6,1183.1716666666666,949.76,0,7099.03,5698.56,0,0,0,0,0,0,0,0.24575857760557052,0.19727624760002424,1400.47
,118643527_6758939593,,кресло походное,шт,1,7714.5,6371.06,0,7714.5,6371.06,0,0,0,0,0,0,0,0.21086600973778305,0.17414479227428867,1343.44
,117476778_23132312,,Наклейка Volkswagen,шт,10,503.58,371.72,0,5035.8,3717.2,0,0,0,0,0,0,0,0.3547293661896051,0.26184518845069304,1318.6
,139031202_561132123,146178205,колготки ажурные черные,шт,5,530.2280000000001,279.82,0,2651.14,1399.1,0,0,0,0,0,0,0,0.8948895718676292,0.47226476157426617,1252.04
,113572474_757849839,,кости игральные черные 2 шт,шт,11,180.39,66.63,0,1984.29,732.93,0,0,0,0,0,0,0,1.7073390364700585,0.6306336271411941,1251.36
,121379182_5784982047,,Игрушка девочка мальчик красные,шт,12,513.105,411.39,0,6157.26,4936.68,0,0,0,0,0,0,0,0.24724713775249763,0.19823427953342884,1220.58
,161737894_57543652443,,набор тряпок 25*25,шт,2,1061.46,458.02,0,2122.92,916.04,0,0,0,0,0,0,0,1.3174970525304572,0.5684999905790138,1206.88
,134773551_172152514,,венчик,шт,1,1139.5,0,0,1139.5,0,0,0,0,0,0,0,0,0,1,1139.5
,114868429_777713757,,Скребок,,8,562.80125,423.37,0,4502.41,3386.96,0,0,0,0,0,0,0,0.32933663226019794,0.24774509651497753,1115.45
,119220282_1356487956332,,ночник с ушками розовый,шт,2,955.75,407.77,0,1911.5,815.54,0,0,0,0,0,0,0,1.343845795423891,0.5733507716453047,1095.96
,136377232_84954732572,,форма для аэрогриля силикон серый 20 см,шт,8,768.685,634.68,0,6149.48,5077.44,0,0,0,0,0,0,0,0.21113789626268356,0.17433018726786656,1072.04
,139305819_8451256212,,только мыльница кричневая дорожная,шт,3,554.1266666666667,210.42,0,1662.38,631.26,0,0,0,0,0,0,0,1.6334315495992142,0.620267327566501,1031.12
,112209123_15645645613,,Ремень олива,шт,4,537.2825,285.92,0,2149.13,1143.68,0,0,0,0,0,0,0,0.8791357722439843,0.46784047498290005,1005.45
,118550433_04257729320,,светильник с маркером,шт,1,1664.5,671.19,0,1664.5,671.19,0,0,0,0,0,0,0,1.4799237175762452,0.5967617903274256,993.31
,110561330_9634579325,,углорез,шт,13,371.0707692307692,299.35,0,4823.92,3891.55,0,0,0,0,0,0,0,0.2395883388367103,0.1932805685003068,932.37
,154813510_5743359205,,нитковдеватель,шт,1,1752,823.48,0,1752,823.48,0,0,0,0,0,0,0,1.1275562248020596,0.5299771689497716,928.52
,137340736_47388364929,,самураи 6 шт 5 см,шт,1,1105.38,195,0,1105.38,195,0,0,0,0,0,0,0,4.668615384615385,0.8235900776203658,910.38
,109466814_12123231,,ключница маршалл,шт,1,2857.75,1982.06,0,2857.75,1982.06,0,0,0,0,0,0,0,0.44180801792074914,0.30642638439331643,875.69
,131508553_757487685,,спрунки плющ желтый саймон,шт,2,816.25,386.58,0,1632.5,773.16,0,0,0,0,0,0,0,1.1114646386258988,0.526395099540582,859.34
,143862179_56774788452,,черная пепельница с крышкой,шт,1,1181.5,335.84,0,1181.5,335.84,0,0,0,0,0,0,0,2.518044306812768,0.7157511637748625,845.66
,116264896_65374374342,,уф фонарик,шт,6,1436.3916666666667,1300.49,0,8618.35,7802.94,0,0,0,0,0,0,0,0.10450035499439955,0.0946132380328021,815.41
,110510526_21312331212,,контейнер для протезов синий,шт,4,394.63,198.16,0,1578.52,792.64,0,0,0,0,0,0,0,0.9914715381509891,0.49785875376935357,785.88
,165448733_854894563,,дыхательный тренажер голубой,шт,1,1077,346.38,0,1077,346.38,0,0,0,0,0,0,0,2.1093019227438075,0.6783844011142062,730.62
,110411042_855312123,,барная ложка,шт,3,589.4166666666666,347.37,0,1768.25,1042.11,0,0,0,0,0,0,0,0.6967978428380881,0.41065460200763465,726.14
,138955082_4545612336,,часы электронные белые,шт,2,774.69,418.84,0,1549.38,837.68,0,0,0,0,0,0,0,0.8496084423646261,0.4593450283339142,711.7
,131066994_123123123,,хлопок 1 шт,шт,7,150.63,48.97,0,1054.41,342.79,0,0,0,0,0,0,0,2.0759648764549725,0.6748987585474341,711.62
,124208362_86413513,,переходник,шт,27,208.50962962962964,182.88,0,5629.76,4937.76,0,0,0,0,0,0,0,0.1401445189721655,0.12291820610470074,692
,112907807_45123123,,форма для пашот,шт,3,832.38,606.95,0,2497.14,1820.85,0,0,0,0,0,0,0,0.37141444929565864,0.2708258247435066,676.29
,131289702_908420924,,держатель штор белый перо,шт,5,2700.25,2565.16,0,13501.25,12825.8,0,0,0,0,0,0,0,0.05266338162141933,0.05002870104619943,675.45
,151203980_65747823748,,оптический экран для рисования маленький,шт,2,854.69,517.21,0,1709.38,1034.42,0,0,0,0,0,0,0,0.6525009183890489,0.3948566146790064,674.96
,135119919_838939393,,форма аэрогриля 16 см,шт,4,761.345,540.06,0,3045.38,2160.24,1,763.75,540.06,0,0,763.75,540.06,0.4082571072349986,0.2899023943408879,661.45
,132457048_9890798908,,кассета розовая 10 60s,шт,4,764.7825,602.35,0,3059.13,2409.4,0,0,0,0,0,0,0,0.2696646468000332,0.2123904508798253,649.73
,143283011_5734823902,,черные колпачки 4 шт LEXUS,шт,1,806.63,250.55,0,806.63,250.55,0,0,0,0,0,0,0,2.219437238076232,0.6893867076602656,556.08
,154629606_77845387428,,оптический экран для рисования большой,шт,1,1136,581.64,0,1136,581.64,0,0,0,0,0,0,0,0.9530981363042432,0.4879929577464789,554.36
,132991477_123123123,,глаза маленькие,шт,4,1568.25,1430.86,0,6273,5723.44,0,0,0,0,0,0,0,0.09601917727800065,0.08760720548381955,549.56
,129273689_745674902203,,ланчбокс пластиковый набор,шт,4,2006.8125,1875.82,0,8027.25,7503.28,0,0,0,0,0,0,0,0.06983212674990137,0.06527391074153664,523.97
,110060941_5783898321,,ключ круглый с цифрами,шт,9,291.37666666666667,239.1,0,2622.39,2151.9,0,0,0,0,0,0,0,0.21863934197685767,0.17941267317218262,470.49
,116364091_6748984325,,подставка для зубочисток,шт,4,485.505,373.1125,0,1942.02,1492.45,0,0,0,0,0,0,0,0.30122952192703273,0.2314960711012245,449.57
,120809125_322232112,,наклейка на зеркало,шт,2,357.88,143.05,0,715.76,286.1,0,0,0,0,0,0,0,1.5017825934987767,0.6002850117357773,429.66
,139816913_7764859835,,пластиковая мыльница,шт,1,643,216.19,0,643,216.19,0,0,0,0,0,0,0,1.974235626069661,0.6637791601866252,426.81
,113920220_427837934,,Набор игрушек самолет,шт,1,2000,1593.96,0,2000,1593.96,0,0,0,0,0,0,0,0.254736630781199,0.20302,406.04
,136874461_15413341416,,Открывалка для банок,шт,1,594,203.11,0,594,203.11,0,0,0,0,0,0,0,1.9245236571316036,0.658063973063973,390.89
,119370861_746433205,,форма для стирки кепок,шт,2,789.38,594.93,0,1578.76,1189.86,0,0,0,0,0,0,0,0.3268451750626124,0.24633256479768934,388.9
,105632832_264885995,142100718,Втулка для мясорубки,,14,145.63,118.12,0,2038.82,1653.68,0,0,0,0,0,0,0,0.2328987470369116,0.18890338529149214,385.14
,139950673_54513131,,зажим простыней угол маленький,шт,3,701.9166666666667,576.8566666666667,0,2105.75,1730.57,0,0,0,0,0,0,0,0.21679562225162807,0.17816929834975662,375.18
,115812457_5845683723,,чехол для паспорта коралловый,шт,1,841,487.83,0,841,487.83,0,0,0,0,0,0,0,0.7239612159973762,0.41994054696789535,353.17
,110559231_54123213123,,палочки для воздушных шариков,шт,1,1223.5,879.63,0,1223.5,879.63,0,0,0,0,0,0,0,0.3909257301365347,0.28105435226808334,343.87
,118524767_654738434,,держатель очков голд,шт,1,467.13,135.6,0,467.13,135.6,0,0,0,0,0,0,0,2.4449115044247787,0.7097167811958127,331.53
,120091464_9080808,,корзина джут brown 2 шт,шт,1,2012.75,1717.6,0,2012.75,1717.6,0,0,0,0,0,0,0,0.1718386120167676,0.14664016892311513,295.15
,109252388_545132123,,массажер черный,шт,1,1255,962.39,0,1255,962.39,0,0,0,0,0,0,0,0.3040451376261183,0.23315537848605578,292.61
,136896694_5641566265,,брелок бетмен пара,шт,3,406.91,325.32,0,1220.73,975.96,0,0,0,0,0,0,0,0.25079921308250336,0.20051116954609127,244.77
,123942421_1273738,105707699,Кисть детейлинга,,3,180.75,100,0,542.25,300,0,0,0,0,0,0,0,0.8075,0.4467496542185339,242.25
,104023623_45123123,104023623,баффы 10 шт,шт,16,118.125,103,0,1890,1648,0,0,0,0,0,0,0,0.14684466019417475,0.12804232804232804,242
,142282688_415645641,,ароматическая свеча лаванда Scented Candle,шт,1,466.25,249.9,0,466.25,249.9,0,0,0,0,0,0,0,0.8657462985194078,0.46402144772117965,216.35
,124384072_98089243,,щетка для лица двусторонняя,шт,33,110.59212121212121,104.77,0,3649.54,3457.41,0,0,0,0,0,0,0,0.0555704993043926,0.0526449908755624,192.13
,116219277_890446848,104023623,бафы 50 шт,шт,1,703.38,515,0,703.38,515,0,0,0,0,0,0,0,0.3657864077669903,0.2678210924393642,188.38
,120894039_586795485,,коврик доллар,шт,1,1649.63,1464.06,0,1649.63,1464.06,0,0,0,0,0,0,0,0.1267502697976859,0.11249189212126355,185.57
,131296355_54123123,,лопатка для простыней,шт,1,636.88,470.04,0,636.88,470.04,0,0,0,0,0,0,0,0.3549485150199983,0.26196457731440775,166.84
,123492578_248974237,,коврик под лоток серый,шт,1,1021.38,862.78,0,1021.38,862.78,0,0,0,0,0,0,0,0.18382438165001508,0.1552801112220721,158.6
,144037685_687959834,,ершик для посуды силикон,шт,9,118.23111111111112,102.99,0,1064.08,926.91,0,0,0,0,0,0,0,0.14798632013895632,0.12890948049018872,137.17
,116900363_104520237454,,пробка кнопка кухонная,шт,1,135.5,79.81,0,135.5,79.81,0,0,0,0,0,0,0,0.6977822328029069,0.4109963099630996,55.69
,132811682_8494579237,,парные браслеты он и она,шт,1,192.28,142.35,0,192.28,142.35,0,0,0,0,0,0,0,0.3507551808921672,0.2596733929685875,49.93
,23465332201,,"клеенка 1,5 метра",шт,12,511.41666666666663,508.77,0,6137,6105.24,0,0,0,0,0,0,0,0.005202088697577818,0.005175167019716474,31.76
,119133179_23123132,,бумажная форма для аэрогриля квадрат 50 шт,шт,1,314.88,294.76,0,314.88,294.76,0,0,0,0,0,0,0,0.06825892251323111,0.06389735772357724,20.12
,115875475_5478329882,,осушитель,шт,1,335.88,318.66,0,335.88,318.66,0,0,0,0,0,0,0,0.05403878742233101,0.05126831011075384,17.22
,116481203_8451332,,худи на кпп,шт,1,284.25,271.16,0,284.25,271.16,0,0,0,0,0,0,0,0.04827408172296799,0.04605101143359719,13.09
,140464053_6584383439,,лилия,шт,1,944.38,954.62,0,944.38,954.62,0,0,0,0,0,0,0,-0.010726781337076533,-0.010843092822804379,-10.24
,123223994_678467990,,эпилятор механический,шт,1,90,107.03,0,90,107.03,0,0,0,0,0,0,0,-0.1591142670279361,-0.18922222222222224,-17.03
,119170100_564154156,,слипоны 37,шт,1,2438.88,2545.89,0,2438.88,2545.89,0,0,0,0,0,0,0,-0.0420324523054806,-0.04387669750049203,-107.01
,142154028_5734735456,,Доска для рисования cветовая,шт,5,883.7760000000001,913.26,0,4418.88,4566.3,0,0,0,0,0,0,0,-0.03228434399842323,-0.0333613947425592,-147.42
,120405666_252897457,,держатель туалетной бумаги белый со скотчем,шт,6,1406.5833333333335,1438.88,0,8439.5,8633.28,0,0,0,0,0,0,0,-0.022445698506245598,-0.02296107589312163,-193.78
,119168195_6541419656,,слипоны 40,шт,1,2348.75,2545.89,0,2348.75,2545.89,0,0,0,0,0,0,0,-0.07743461029345337,-0.08393400745077169,-197.14
,120227674_23123123123,,форма аэрогриля 100 штук (2 по 50),шт,2,375.25,589.52,0,750.5,1179.04,0,0,0,0,0,0,0,-0.36346519202062694,-0.5710059960026649,-428.54
,113327942_5787823225,,массажная щетка для котят,шт,1,603.38,1081.92,0,603.38,1081.92,0,0,0,0,0,0,0,-0.44230627033422065,-0.7930988763300076,-478.54
,004327109,,чехлы на передние сидения с красной полоской,шт,0,0,0,0,0,0,1,14243,13239.12,0,0,14243,13239.12,0.07582679211307096,0.07048234220318753,-1003.88
,299178069,,автозарядник новый,шт,5,1611.6,1974.64,0,8058,9873.2,0,0,0,0,0,0,0,-0.183851233642588,-0.2252668155869943,-1815.2
,122464164_1235496654,,Разделочная доска 39*28,шт,8,1604.7675,1846.24,0,12838.14,14769.92,0,0,0,0,0,0,0,-0.13079150056330704,-0.15047195310224068,-1931.78
,138827211_90423908234,,Разделочная доска 46*30,шт,3,1820.8333333333335,2746,0,5462.5,8238,0,0,0,0,0,0,0,-0.3369142995872785,-0.5081006864988559,-2775.5
,124186000_8574980034,,уличный фонарь квадрат,шт,13,4169.084615384616,4965.665384615384,0,54198.1,64553.65,0,0,0,0,0,0,0,-0.16041773005864116,-0.19106850609154197,-10355.55
,113474553_451451516,,декоративный светильник Rose of love,шт,7,4809.5,6397.66,0,33666.5,44783.62,0,0,0,0,0,0,0,-0.24824076302898246,-0.33021311986693,-11117.12
,142164544_6415162658,,фритюрница с подставкой,шт,8,1757.6925,4464.96,0,14061.54,35719.68,0,0,0,0,0,0,0,-0.6063363389593636,-1.5402395470197432,-21658.14
,,,,Итого:,0,,,,0,0,0,,,,,0,0,0.5718199192460482,0.36379480387316376,0
