Unnamed: 0,Unnamed: 1,Unnamed: 2,Unnamed: 3,Unnamed: 4,Unnamed: 5,Unnamed: 6,Unnamed: 7,Unnamed: 8,Unnamed: 9,Unnamed: 10,Unnamed: 11,Unnamed: 12,Unnamed: 13
,Остатки,,,,,,,,,,,,
,,отчет создан:,2026-06-30 13:45:32.645000,,,,,,,,,,
,,исполнитель:,Валерия  (admin@gorokhovavaleriia ),,,,,,,,,,
,,,,,,,,,,,,,
,,,,,,,,,,,,,
,,склад:,Основной склад,,,,,,,,,,
,,,,,,,,,,,,,
,Код,Артикул,Наименование,Ед.изм.,Доступно,Резерв,Ожидание,Остаток,Себестоимость,"Сумма
себестоимости",Цена продажи,Сумма продажи,Дней на складе
,Лера,,,,,,,,,,,,
,658746071,,Спортивная сумка на магните,,1,0,0,1,4162.77,4162.77,8000,8000,482.73
,725825283,,Шлейка рюкзак,,9,0,0,9,724,6516,1100,9900,640.06
,093812063,,глаза тент,шт,20,0,20,0,0,0,3950,0,0
,563915462,,Микрофон петелька type-c,,2,0,0,2,4559.67,9119.34,4900,9800,231.87
,121241629_456313132,,массажер для стол,шт,-1,2,0,1,460.5,460.5,786,786,194.06
,23465332242,,Led лента,,53,4,0,57,6354.454210526315,362203.89,8500,484500,184.48
,119220282_1356487956317,,лоток для золота,шт,30,0,30,0,0,0,2400,0,0
,11779264755,,Накладка на углы бежевый рулон,,38,2,20,20,511.44,10228.8,1899,37980,47.63
,108532136_8745128456,,фонарь ремонтный,шт,100,19,100,19,2479.752105263158,47115.29,3390,64410,94.02
,110559231_54123213123,,палочки для воздушных шариков,шт,49,0,0,49,879.63,43101.87,1607,78743,4.64
,103964855_607083556,,Kids Zone защита острые углы 00329 серый,,94,1,10,85,66.83,5680.55,383,32555,47.63
,*120405666_252897457,,Держатель туалетной бумаги без скотча,,20,1,0,21,1438.88,30216.48,1700,35700,228.1
,117473829_834474766,,Accessories наклейка Hyundai 9x9 см,,9,2,0,11,361.01,3971.11,629,6919,40.5
,117473824_040714795,117473824_040714795,Наклейки защитные chevrolet,шт,233,3,200,36,392.6166666666666,14134.2,629,22644,27.13
,117473868_542998498,,Accessories наклейка Toyota 9x9 см,,9,0,10,-1,0,0,650,-650,0
,101902634_123126575,,металлоискатель,шт,21,5,0,26,1945.45,50581.7,3426,89076,25.64
,105258599_713297371,133152467,Коктейльный набор,,29,2,24,7,7750.8,54255.6,12997,90979,35.54
,109645230_363759565,109645230_363759565,Щетка для одежды,шт,15,1,0,16,693.17,11090.72,1450,23200,39.53
,11779264754,,Накладка на углы серый рулон,,19,1,0,20,511.44,10228.8,2408,48160,47.63
,Лера/Добавить позже,,,,,,,,,,,,
,571199732,,держатель очков toyota,шт,13,0,0,13,516.06,6708.78,1499,19487,47.63
,110644491_8541311313,108670607,мини сейф серый пластик,шт,100,13,100,13,785.17,10207.21,1300,16900,17.72
,135459804_86545153,,тренажер пальцев ног,шт,25,1,0,26,371.28,9653.28,650,16900,66.71
,124208362_86413513,,переходник,шт,114,2,0,116,182.88,21214.08,295,34220,193.12
,139031202_561132123,146178205,колготки ажурные черные,шт,55,0,0,55,279.82,15390.1,689,37895,17.75
,119220282_1356487956341,,держатель очков hyundai,шт,17,2,0,19,590.21,11213.99,999,18981,4.65
,118697087_281433030,,Чехол для одежды,,40,0,0,40,1815.83,72633.2,4489,179560,34.68
,Лера/ИП,,,,,,,,,,,,
,129357386_698647860,,Свеча красная,,9,6,0,15,297.76,4466.4,715,10725,152.57
,104701785_8745146531,,лампа для блога,шт,87,26,0,113,777.18,87821.34,1699,191987,4.64
,108479520_45651153132,,кулинарный термометр,шт,123,7,0,130,319.4,41522,615,79950,35.57
,119805761_593072707,107401301,Вешалка на подголовник,,55,8,0,63,1410.73,88875.99,2859,180117,39.55
,123582478_89456184651,,ночник в розетку,шт,99,11,0,110,223.0818181818182,24539,579,63690,9.07
,122464164_1235496654,,Разделочная доска 39*28,шт,70,2,0,72,1803.9427777777778,129883.88,2075,149400,121.44
,131093290_8545313123,128297075,фиксатор одеяла кнопка моно,шт,57,0,0,57,143.12,8157.84,490,27930,95.54
,120002781_845184651,,подушка для новорожденных бежевая с ушками,шт,111,7,100,18,929.36,16728.48,2300,41400,56.67
,23465332200,,салфетки для очков,шт,28,6,0,34,300.1,10203.4,532,18088,59.74
,132322764_56464896,132322764,Фен щетка,,75,7,0,82,3148.2309756097557,258154.94,4999,409918,5
,118313298_84513211231,,Обруч,шт,49,1,0,50,1764.9814000000001,88249.07,2495,124750,46.86
,114868429_777713757,,Скребок,,41,2,0,43,423.37,18204.91,600,25800,72.83
,132335072_693607317,101495499_448809935,пакет для вакууматора 17*500,шт,-1,0,0,-1,0,0,850,-850,0
,550235151,,Набор для создания отпечатка,,35,2,30,7,266.18,1863.26,1415,9905,37.48
,132247235_652323233,,Держатель штор,шт,93,1,40,54,1699.5933333333335,91778.04,3508,189432,41.61
,112806580_84561215631,,коврик в палатку,шт,38,36,40,34,974.56,33135.04,2500,85000,4
,103497148_272828929,,Сушилка белья,,20,1,0,21,2112.19,44355.99,3593,75453,17.74
,101495525_031518789,122973543_172095040,вакпак 22,шт,-1,0,0,-1,0,0,1268,-1268,0
,114223613_958865368,114223613_958865368,брелок Cobalt,шт,53,1,0,54,724.1948148148148,39106.52,2015,108810,40.78
,122941567_595114419,,Органайзер на козырек черный,,50,1,50,1,480.28,480.28,1150,1150,80.61
,114161595_264725129,,Рейлинг,,39,3,20,22,3289.0109090909086,72358.24,6999,153978,15.41
,132159066_410956727,,чехлы черные без подушек,шт,7,1,0,8,13411.65,107293.2,19000,152000,41.14
,119220282_1356487956320,,Горшок дорожный,,11,6,0,17,2530.96,43026.32,5200,88400,4.63
,106256078_329837287,23465332198,органайзер на козырек серый,,41,1,0,42,556.4871428571428,23372.46,1930,81060,33.48
,137923334_56451312312,,зажим простыней угол большой,шт,23,0,0,23,720.57,16573.11,1749,40227,273.98
,150679626_77469520325,,перчатка фонарь,шт,28,0,10,18,764.83,13766.94,1938,34884,35.57
,107066645_897498087,118215266,Разделитель ящиков маленький,шт,39,1,40,0,0,0,3500,0,0
,11779264752,,Толщиномеры,,6,1,0,7,1214.3657142857144,8500.56,1914,13398,71.84
,677105951,,Пианино,,13,0,0,13,14275.84923076923,185586.04,19633,255229,110.15
,Маркетплейсы/Люда,,,,,,,,,,,,
,136965514_559871017,,форма для льда 84,шт,1,0,0,1,0,0,6400,6400,361.76
,122837230_178366611,,форма для льда мишки,шт,1,0,0,1,0,0,1900,1900,361.76
,136963560_255745221,,перчатка фонарик,шт,1,0,0,1,0,0,1400,1400,361.76
,137151894_356907081,,мини фотоаппарат,шт,2,0,0,2,0,0,16500,33000,361.76
,135030726_968598259,,Колготки черные,шт,4,0,0,4,0,0,1450,5800,361.76
,134250003_302526023,,Бокал для виски,шт,2,0,0,2,0,0,2980,5960,361.76
,117721659_089241152,,тарелка сердечко,шт,2,0,0,2,0,0,2600,5200,361.76
,136288358_551955252,,hello kitty заколка,шт,5,0,0,5,0,0,900,4500,361.76
,136970124_839041034,,Ершик для чистки емкостей,шт,3,0,0,3,0,0,2300,6900,361.76
,120525833_985635799,,тарелка овал,шт,1,0,0,1,0,0,2600,2600,361.76
,,,,,,,,,,,,,
,147129369_7848584952,,гортензия,шт,33,0,0,33,352.26,11624.58,1100,36300,47.68
,937390163,,Звезда с проекцией серебро,шт,2,0,0,2,4754.87,9509.74,7500,15000,203.66
,143552554_78684394375,,стеклоочиститель,шт,16,2,0,18,6044.68,108804.24,11000,198000,47.56
,163990654_5151984566,,Садовая гирлянда цветочки,шт,10,0,10,0,0,0,4500,0,0
,119499054_1565613864,,Ремень для йоги черно-розовый,шт,20,0,0,20,367.35,7347,799,15980,4.69
,110035827_12564612545,,коврик для пикника волны,шт,30,0,30,0,0,0,6198,0,0
,121323446_4189489456,,Пояс жемчужный,шт,100,0,100,0,0,0,1270,0,0
,134200674_564523351,,Сотуар сияшка для телефона короткий,шт,40,0,40,0,0,0,690,0,0
,150978287_578346573,,Портативный квадратный свет черный,шт,10,0,10,0,0,0,3498,0,0
,124271429_021107122,,тыквы 20 штук,шт,8,0,0,8,2305.44,18443.52,4999,39992,275.07
,131951651_48948465,,Перчатки ажурные белые,шт,30,0,30,0,0,0,657,0,0
,117599254_524375298,,иглы для валяния,шт,20,0,0,20,411.93,8238.6,1599,31980,11.7
,117196168_1544561534,,Джиббитсы 12 шт чекпук,шт,20,0,20,0,0,0,754,0,0
,110897754_2165165165,,лента для горячей фиксации для подгибки,шт,5,0,5,0,0,0,8989,0,0
,140722388_8984651531,,зонтик для еды,шт,50,0,50,0,0,0,1487,0,0
,146251669_5673489393,,набор цветных прищепок 5 шт,шт,15,3,0,18,118.23,2128.14,384,6912,35.56
,154629606_77845387428,,оптический экран для рисования большой,шт,27,2,0,29,581.64,16867.56,1349,39121,47.54
,112122222_5678865449,,фламинго 3 штуки,шт,12,0,12,0,0,0,3120,0,0
,123283507_6745438895,,серебристые колпачки 4 шт + ключ LEXUS,шт,5,0,0,5,260.04,1300.2,715,3575,39.54
,108000568_675489335556,,термометр в аквариум,шт,6,0,0,6,91.84,551.04,379,2274,47.57
,116594038_7574589366,,сушилка для посуды,шт,10,0,10,0,0,0,2499,0,0
,124339073_5475784958,,таймер яблоко,шт,10,0,0,10,1081.25,10812.5,2283,22830,40.5
,123530155_1948456564,,Декоративные бабочки золото 12 шт,шт,50,0,50,0,0,0,399,0,0
,102917350_6545615285,,заглушки бело-голубые,шт,73,3,0,76,181.94,13827.44,328,24928,25.04
,263398996,,колокольчик звонок,шт,20,0,0,20,436.4,8728,999,19980,275.07
,113542742_8659450302,,ночник галактика,шт,15,0,0,15,900.14,13502.1,2500,37500,109.87
,136874461_15413341416,,Открывалка для банок,шт,4,0,0,4,203.11,812.44,741,2964,17.74
,142668752 _4708190908254,,Гольфы длинные черные,,9,0,0,9,129.65,1166.85,0,0,254.76
,121129480_46765678754,,терморюкзак,шт,40,0,40,0,0,0,4999,0,0
,151644040_578843934,,черные колпачки 4 шт VW,шт,5,0,0,5,250.55,1252.75,2849,14245,39.55
,108588288_15648654623,,Фильтр-пакеты для заваривания,шт,10,0,0,10,546.76,5467.6,430,4300,17.74
,114865618_564556792,,перчатки ROCKBROS,шт,5,0,0,5,864.83,4324.15,1397,6985,59.67
,435424492,,Гольфы длинные белые,,15,0,0,15,129.65,1944.75,1500,22500,254.76
,144037685_687959834,,ершик для посуды силикон,шт,5,1,0,6,102.99,617.94,198,1188,59.74
,148949603_19545612345,,Шашка Дымовая,шт,20,0,20,0,0,0,4199,0,0
,161352600_2564566125,,Набор кистей для маникюра коричневый 9 шт,шт,10,0,10,0,0,0,1449,0,0
,104506508_8515646321,,Наклейка Yumenc 36 штук,шт,100,0,100,0,0,0,299,0,0
,129896152_8932423784651,,подставка для фритюрницы,шт,40,1,0,41,100.08,4103.28,0,0,56.67
,156498344_6578923984,,чайная пара,шт,5,1,0,6,1969.98,11819.88,2798,16788,47.63
,112209123_15645645613,,Ремень олива,шт,35,1,0,36,285.92,10293.12,1247,44892,4.69
,364840260,,пароочиститель Jibekki,шт,10,0,0,10,0,0,44500,445000,18.04
,120430954_4589464165,,розовые сухоцветов 10 см,шт,20,0,0,20,175.81,3516.2,1249,24980,17.74
,518374162,,диван серый 200 см,шт,1,0,0,1,62877.93,62877.93,100000,100000,238.79
,117007007_64651611541,,светильник медуза с цветной ножкой,шт,47,0,50,-3,0,0,2997,-8991,0
,142154028_5734735456,,Доска для рисования cветовая,шт,84,9,1,92,913.26,84019.92,1149,105708,40.5
,105967272_5316516578,,цепь для сумок с карабинами,шт,21,4,0,25,517.27,12931.75,1084,27100,4.64
,140777998_7754595893,,лавовая лампа оранжевая,шт,3,0,0,3,3506.26,10518.78,6971,20913,39.54
,138020114_764275287,,настолка магнитный бой,шт,5,0,0,5,1856.12,9280.6,3800,19000,4.64
,108993022_56454413144,,мангал складной,шт,20,0,20,0,0,0,6093,0,0
,128004755_5616512321,,органайзер для рукоделия,шт,50,0,50,0,0,0,2529,0,0
,108714404_7841561654,,Набор кистей розовый 15 шт,шт,20,0,20,0,0,0,664,0,0
,109376889_4894515654,,коричневый жилетик кобура,шт,20,0,20,0,0,0,3297,0,0
,119798345_789561215,,Лупа очки,шт,23,3,10,16,2475.91,39614.56,4191,67056,17.75
,703839519,,тыквы 5 штук,шт,7,0,0,7,590.18,4131.26,2025,14175,275.07
,108102850_23123123,,Гирлянда 3*3 теплый белый,шт,-1,0,0,-1,0,0,1500,-1500,0
,129529322_18949526588,,подсумок хаки,шт,10,0,10,0,0,0,1497,0,0
,142668752 _4708190908282,876994216,"гирлянда цветная 1,5",шт,13,0,0,13,231.67,3011.71,1500,19500,203.66
,120175000_155624893,,пепельница унитаз белая,шт,9,1,0,10,331.12,3311.2,770,7700,4.65
,137221432_287599000129,,LiXiang силиконовая защита на экран,шт,10,0,0,10,820.5,8205,5400,54000,147.91
,116111923_6537873543,,Подставка для наушников настольный белый,шт,20,0,20,0,0,0,1291,0,0
,119170100_564154156,,слипоны 37,шт,4,0,4,0,0,0,2985,0,0
,124214213_5677485356,,держатель проводов черный,шт,42,0,0,42,46.11,1936.62,242,10164,47.56
,132076727_57840332334,,парные футболки белые,шт,20,0,20,0,0,0,6998,0,0
,138955082_4545612336,,часы электронные белые,шт,46,2,0,48,418.84,20104.32,910,43680,4.69
,124544677_41544554456,,Набор бабочек 3D разноцветный,шт,50,0,50,0,0,0,499,0,0
,110897754_5645456132,,художественный набор,шт,2,1,0,3,4946.08,14838.24,8989,26967,11.59
,113474553_451451516,,декоративный светильник Rose of love,шт,43,0,0,43,5462.1125581395345,234870.84,7400,318200,32.12
,114781250_854598045,,лавовая лампа красная,шт,5,0,0,5,3506.26,17531.3,7568,37840,39.54
,104801620_4708190908249,,кассета в ретро стиле 11 60s,шт,5,0,0,5,741.12,3705.6,1150,5750,262
,136406551_8785492325,,очки Minecraft,шт,3,0,0,3,134.14,402.42,599,1797,47.56
,103647563_212156485,,поджопник,шт,33,2,0,35,2205.5657142857144,77194.8,4100,143500,14.29
,131908431_346795422,,настольная игра найди пару животные,шт,50,0,50,0,0,0,1614,0,0
,116264896_65374374342,,уф фонарик,шт,37,2,0,39,1300.49,50719.11,1750,68250,47.68
,131556007_7574756594,,спрунки плющ красный рэдди,шт,5,0,0,5,386.58,1932.9,1789,8945,40.53
,119220282_1356487956324,,крючок черный круглый,шт,19,0,0,19,439.97,8359.43,0,0,231.95
,145058144_56783847462,,черные колпачки 4 шт CHANGAN,шт,3,0,0,3,250.55,751.65,2849,8547,39.55
,129273689_745674902203,,ланчбокс пластиковый набор,шт,35,1,0,36,1875.82,67529.52,2450,88200,182.18
,115421389_15646512321,,альбом 3 слота,шт,5,0,5,0,0,0,1149,0,0
,119168195_6541419656,,слипоны 40,шт,4,0,4,0,0,0,2882,0,0
,106427606_3458962189,,каподастр,шт,93,1,0,94,371.58,34928.52,893,83942,11.7
,138346288_4894864564,,ошейник от вшей ля котят,шт,60,0,60,0,0,0,2600,0,0
,151223563_396654467,,Бусы жемчужные,шт,1,0,0,1,952.74,952.74,4500,4500,179.13
,120912860_46786543335,,термосумка,шт,40,0,40,0,0,0,14495,0,0
,111973614_756743597,,Аппарат холодного фонтана,шт,10,0,10,0,0,0,20500,0,0
,119818035_189451561,,Сотуар для телефона,шт,100,0,100,0,0,0,798,0,0
,161737894_57543652443,,набор тряпок 25*25,шт,7,0,0,7,458.02,3206.14,1500,10500,47.68
,119135600_1564165414,,Кисть закругленная синтетика 1 шт,шт,20,0,20,0,0,0,460,0,0
,142668752 _4708190908291,,колготки теплые черные с закрытым носком,шт,4,0,0,4,1305.24,5220.96,1200,4800,214.78
,119220282_1356487956329,,оплетки,шт,4,0,0,4,2313.98,9255.92,0,0,316.02
,133126998_1654564124,,Бретели сияшки широкие,шт,25,0,25,0,0,0,998,0,0
,116848846_6756838244,,лопатка для простыней зеленая,шт,7,0,0,7,419.57,2936.99,1396,9772,59.68
,137022529_4955629848,,Рюкзак охотничий,шт,5,0,5,0,0,0,4900,0,0
,886408088,,Носки капрон черные,,13,0,0,13,129.65,1685.45,700,9100,254.76
,121889104_8546513215,,подсумок черный,шт,20,0,20,0,0,0,1600,0,0
,131131561_689458574,,монетница черная,шт,6,0,0,6,425.4,2552.4,1695,10170,52.56
,113844038,,Носки капрон белые,,16,0,0,16,129.65,2074.4,700,11200,254.76
,115956492_5456656449,,пояс для танца живота,шт,100,0,100,0,0,0,1270,0,0
,128999593_4194561651,,декоративные свечи 24 шт,шт,80,0,80,0,0,0,1727,0,0
,137990014_5154556562,,сумка для инструментов,шт,10,2,0,12,2395.01,28740.12,3999,47988,25.64
,123923683_1564561256,,Настольный звонок красный,шт,96,4,0,100,151.48,15148,495,49500,4.69
,120944583_6754899302,,яйцерезка,шт,5,0,0,5,180.71,903.55,900,4500,35.56
,123968911_68572824774,,серебристые колпачки 4 шт + ключ HYUNDAI,шт,8,0,0,8,260.04,2080.32,879,7032,39.54
,138346087_4845561314,,ошейник от вшей для собачек,шт,10,0,10,0,0,0,2599,0,0
,108539357_080808800,,переходник плоский с широким входом,шт,40,20,0,60,53.47,3208.2,149,8940,147.86
,155101484_12654564561,,фритюрница без подставки,шт,17,2,0,19,1466.88,27870.72,2309,43871,39.56
,139954545_564845616,,"Чехол для бутылки 2 шт (кола, спрайт)",шт,5,0,5,0,0,0,1998,0,0
,120136125_489465132,,Наклейки от комаров 120 штук,шт,1000,0,1000,0,0,0,998,0,0
,117423487_159456132,,Шнурок для очков черный клевер,шт,50,0,50,0,0,0,710,0,0
,108679374_6523847471,,ошейник для собак зеленый,шт,-1,0,0,-1,0,0,1743,-1743,0
,135594987_756384729,,Швейная машина мини черный,шт,20,0,20,0,0,0,2487,0,0
,122237870_85748792357,,силиконовая корзинка,шт,39,1,0,40,711.37,28454.8,1791,71640,4.65
,004327109,,чехлы на передние сидения с красной полоской,шт,13,0,0,13,13239.12,172108.56,15000,195000,140.54
,115918435_56438032462,,электронная зажигалка,шт,10,0,0,10,517.49,5174.9,1480,14800,139.65
,131508815_758457389,,спрунки плющ беж таннер,шт,3,0,0,3,386.58,1159.74,1999,5997,40.53
,115252109_53829758432,,ночник луна,шт,8,1,0,9,900.14,8101.26,1999,17991,109.87
,118296499_567893292,,джут корзинка white,шт,50,2,50,2,858.8,1717.6,2398,4796,47.57
,122979770_1498456465,,Дверной колокольчик 2.0,шт,50,0,50,0,0,0,919,0,0
,124105056_9584582942,,ночник луна и космонавт,шт,13,0,0,13,900.14,11701.82,2500,32500,109.87
,114386517_1654165215,,рогатка черная,шт,20,0,20,0,0,0,600,0,0
,119059566_475165451,,лента для горячей фиксации,шт,50,0,50,0,0,0,599,0,0
,150008308_4184412333,,Разветвитель шнуровой,шт,4,0,0,4,1024.11,4096.44,3449,13796,17.74
,113327942_5787823225,,массажная щетка для котят,шт,4,0,4,0,0,0,822,0,0
,133126995_4894541534,,Бретели сияшки тонкие,шт,35,0,35,0,0,0,706,0,0
,147819195 _4708190908263,,Колготки теплые черные (леггинсы),,37,0,20,17,1305.24,22189.08,1770,30090,214.78
,140464053_6584383439,,лилия,шт,48,0,0,48,954.62,45821.76,1164,55872,47.68
,144894326_13123123,,клипса для просытней Love синяя 12 шт,шт,6,0,0,6,78.72,472.32,1894,11364,59.68
,106580584_1545115643,,3D ручка желтая,шт,80,0,80,0,0,0,2872,0,0
,136652463_5667482308,,зажим для простыней разноцветная,шт,18,0,0,18,202.4,3643.2,1250,22500,59.68
,115875475_5478329882,,осушитель,шт,19,0,0,19,318.66,6054.54,449,8531,25.73
,120226432_1451561561,,серый лежак с карманцем,шт,50,0,50,0,0,0,4999,0,0
,112339687_5664156163,,лупа х30,шт,5,0,0,5,1213.61,6068.05,1878,9390,25.65
,122277822_5834897429,,Швейная машина мини белый,шт,10,0,10,0,0,0,3499,0,0
,117188734_5645613218,,Патронташ черный на 8 шт,шт,10,0,10,0,0,0,867,0,0
,120309938_123123312,,штора в ванну 200*200,шт,1,0,0,1,5024.72,5024.72,9500,9500,178.03
,117884897_564415145,,Чехол для бутылки 1 шт (кола),шт,10,0,10,0,0,0,999,0,0
,136964175_179841652,,наклейки рулон love,шт,98,2,0,100,176.03,17603,476,47600,4.64
,119844420_23123312,,клипса для удочки,шт,14,2,0,16,184,2944,400,6400,220.85
,162491644_5739587574,,силиконовая сушилка для посуды,шт,41,0,0,41,546.52,22407.32,2168,88888,46.61
,121689530_4156489456,,Подушка набивная черная,шт,99,0,100,-1,0,0,1900,-1900,0
,142282688_415645641,,ароматическая свеча лаванда Scented Candle,шт,44,5,0,49,249.9,12245.1,569,27881,4.65
,355893376_694563648,,Органайзер для специй 6 шт,шт,5,0,0,5,0,0,1600,8000,203.66
,143862179_56774788452,,черная пепельница с крышкой,шт,4,0,0,4,335.84,1343.36,1548,6192,47.56
,129199665_1894894563,,Nail фигурки бантики 8 шт,шт,20,0,20,0,0,0,889,0,0
,141997235_7588939484,,серебристые колпачки 4 шт + ключ MB,шт,3,0,0,3,260.04,780.12,797,2391,39.54
,150537320_54899645614,,набор для ретро вечеринки,шт,20,0,20,0,0,0,4407,0,0
,124077897_5638457204,,ночник олень,шт,9,0,0,9,900.93,8108.37,2500,22500,109.87
,136896694_5641566265,,брелок бетмен пара,шт,97,0,0,97,325.32,31556.04,549,53253,17.74
,139816913_7764859835,,пластиковая мыльница,шт,49,0,0,49,216.19,10593.31,800,39200,25.73
,150203620_467864356798,,гирлянды 25 метров 50 ламп,шт,24,0,24,0,0,0,16800,0,0
,144531612_4564561561,,Наклейки на ногти 240 шт,шт,50,0,50,0,0,0,407,0,0
,109771064_159456123,,Сифон Алкомплект,шт,5,0,5,0,0,0,1000,0,0
,143359854_5433356742,,мимоза,шт,34,0,0,34,279.89,9516.26,1400,47600,47.68
,118724329_6748349567,,держатель телефона в машину,шт,50,0,0,50,2009.14,100457,4188,209400,59.74
,136377232_84954732572,,форма для аэрогриля силикон серый 20 см,шт,10,0,0,10,634.68,6346.8,900,9000,137.79
,114169727_15645646333,,замок кодовый,шт,2,0,0,2,1590.09,3180.18,4929,9858,47.51
,119605945_1564562356,,фонтанчик в пруд,шт,80,0,80,0,0,0,3395,0,0
,131616156_784567847,,спрунки плющ белый вэнда,шт,5,0,0,5,386.58,1932.9,1380,6900,40.53
,133448687_213123132,,джут корзинка brown,шт,20,2,0,22,858.8,18893.6,2300,50600,47.57
,129896152_8932423784654,,Магнит для лака 6 в 1,шт,10,0,10,0,0,0,1750,0,0
,142224452_4894864564,,Бальзам после укусов,шт,200,0,200,0,0,0,1118,0,0
,142668752 _4708190908287,,скотч нано 1*1м,шт,22,1,0,23,2.052608695652174,47.21,0,0,118.26
,116118302_154984561,,Диадема белый,шт,20,0,20,0,0,0,949,0,0
,131066994_123123123,,хлопок 1 шт,шт,481,20,0,501,48.97,24533.97,219,109719,103.45
,120293721_9865893575,,шторка на лобовое,шт,100,0,100,0,0,0,844,0,0
,123055157_5758374954,,подследники,шт,144,8,100,52,123.34,6413.68,534,27768,17.75
,110568369_73883939,,Дождевик черный,,70,0,70,0,0,0,3805,0,0
,117719300_57875325787,,светильник медуза двойной,шт,100,0,100,0,0,0,2009,0,0
,122478476_546432123,,зажим для простыней трубы,шт,18,6,0,24,220.83,5299.92,711,17064,47.63
,115249506_9538527490,,веер,шт,50,3,50,3,265.63,796.89,1194,3582,15.05
,136259725_288292929,,Массажер для глаз,,20,11,0,31,813.03,25203.93,1574,48794,59.67
,112492351_4498652562,,рогатка,шт,50,1,50,1,328.32,328.32,857,857,35.57
,116379010_5675884353,,настольная табличка А4,шт,100,0,100,0,0,0,1285,0,0
,106292014_867598942,,брелок кпп,шт,100,0,100,0,0,0,400,0,0
,138992227_567388929,,гирлянда пчелка,шт,72,4,0,76,842.31,64015.56,1490,113240,4.65
,101785631_76858898343,,формочка эскимо,шт,69,0,0,69,425.3,29345.7,1199,82731,4.69
,161071253_684792937,,сервировочный коврик,шт,116,24,80,60,598.74,35924.4,1494,89640,11.68
,132658327_5734857932,,сетка багажник,шт,90,0,90,0,0,0,1399,0,0
,147821494_7457438934,,дыхательный тренажер розовый,шт,90,0,70,20,346.38,6927.6,916,18320,39.53
,104801620_4708190908244,,пакет для вакууматора 20*500,шт,-2,0,0,-2,0,0,919,-1838,0
,123320451_43290423234,,разделочная доска 35*24,шт,7,0,0,7,1401.93,9813.51,2100,14700,179.52
,140812573_754456734,,Ролл-шторы черные на присосках,шт,63,0,50,13,937.41,12186.33,1670,21710,34.44
,141835555_231123123,141835555,коврик для бани,шт,66,0,0,66,292.94,19334.04,712,46992,35.57
,138346457_456123123,,козырек на зеркало,шт,-1,0,0,-1,0,0,340,-340,0
,130445467_7685403762,,портативный душ,шт,60,0,60,0,0,0,15100,0,0
,116411803_456123123,,вспениватель,шт,134,14,100,48,749.54,35977.92,1321,63408,17.75
,139999257_15644513212,,светильник одуванчик мультиколор,шт,99,0,100,-1,0,0,2393,-2393,0
,115730636_456123123,,держатель телефона человечек,шт,100,0,100,0,0,0,385,0,0
,303508190,,щетка от пыли для авто,шт,74,1,0,75,259.1666666666667,19437.5,1600,120000,9.04
,132626624_5745930593,,пирсинг 150 шт,шт,72,7,50,29,83.76,2429.04,844,24476,17.75
,144170610_676577483,,клипса для простыней LOVE розовый 6 шт,шт,34,2,0,36,39.36,1416.96,675,24300,59.68
,121379182_5784982047,,Игрушка девочка мальчик красные,шт,66,7,0,73,411.39,30031.47,600,43800,47.65
,117786371_4561132132,,варежка пилинг черная,шт,298,1,300,-1,0,0,380,-380,0
,142668752 _4708190908280,,чехол для коврика в баню,шт,102,0,0,102,0,0,0,0,36.18
,114152372_54123123132,,клипса для простыней черные,шт,125,5,1,129,391.8603875968992,50549.99,960,123840,20
,119939163_6548092845,,ветрозащитный экран,шт,6,7,1,12,826.4,9916.8,2030,24360,39.53
,112122581_4125645412,,светильник одуванчик теплый,шт,100,0,100,0,0,0,2439,0,0
,107594478_48345132123,,клипса для простыней белые,шт,107,3,100,10,392.31,3923.1,995,9950,72.83
,104486446_958765498,,шлем младенца,шт,70,2,50,22,510.01,11220.22,927,20394,25.65
,142668752 _4708190908273,,Форма для свеч,,61,7,0,68,633.72,43092.96,1169,79492,47.65
,138269054_5674849922,,силиконовая формочка для сосисок,шт,40,1,40,1,282.06,282.06,580,580,56.66
,113414399 _4708190908264,,Колготки теплые серые,,136,0,136,0,0,0,2000,0,0
,131509112_785794578,,спрунки плющ оранжевый орен,шт,49,0,50,-1,0,0,940,-940,0
,157516094_6948768300,,стразы для тела,шт,60,6,40,26,103.43,2689.18,986,25636,17.75
,121263817_3865833253,,картхолдер,шт,74,5,50,29,282.95,8205.55,499,14471,40.54
,109849082_8878483984,,сушилка для овощей,шт,46,7,0,53,1024.6083018867926,54304.24,2199,116547,5.84
,109523171_8657577457,,зубная паста для котят,шт,10,8,0,18,727.54,13095.72,1400,25200,47.54
,110566743_1987987123,,Вентилятор SprayFan зеленый,шт,49,0,50,-1,0,0,2797,-2797,0
,137310897_6578940356,,бумажные формочки для кексиков,шт,83,4,50,37,110.24,4078.88,389,14393,34.63
,131508774_5747758745,,спрунки плющ розовый пинки,шт,48,2,40,10,454.68,4546.8,999,9990,17.73
,116889260_7587844784,,бутылка для соуса,шт,40,0,0,40,193.51,7740.4,558,22320,4.69
,130946716_657365729,,набор самураи 2 шт,шт,98,5,75,28,268.48,7517.44,564,15792,56.67
,152717796_78489578420,,форма для чебуреков,шт,45,6,0,51,703.2613725490196,35866.33,2400,122400,12.4
,124116277_90989042,,клеенка ромашка,шт,5,1,0,6,475.78,2854.68,900,5400,168.88
,139675387_5748783984,,уличный фонарь с ножиком,шт,47,0,63,-16,0,0,2189,-35024,0
,136890679_6734788934,,держатель очков бордо,шт,76,13,50,39,237.23,9251.97,786,30654,11.68
,112882242_5123312132,,наклейки защитные прозрачные,шт,55,5,0,60,394.9433333333334,23696.6,570,34200,10.28
,109903355_5737208574,,кондитерский валик,шт,14,11,0,25,353.8,8845,620,15500,39.54
,131937046_54123123,,бумажная форма для аэрогриля круглая 50 штук,шт,38,0,0,38,277.97,10562.86,500,19000,137.8
,115812457_5845683723,,чехол для паспорта коралловый,шт,44,5,0,49,487.83,23903.67,1200,58800,4.69
,137412666_1259484662,,подстаканник в коляску 2.0,шт,92,0,0,92,2007.78,184715.76,2893,266156,17.73
,120809125_322232112,,наклейка на зеркало,шт,41,1,0,42,143.05,6008.1,487,20454,72.82
,*142668752 _4708190908277,,kids zone углы бежевый,шт,301,28,0,329,68.43504559270517,22515.13,1670,549430,47.56
,133873074_59582080,,вакуумные силиконовые баночки 4 шт,шт,70,1,50,21,785.24,16490.04,1999,41979,40.5
,105632832_264885995,142100718,Втулка для мясорубки,,54,0,0,54,118.12,6378.48,279,15066,203.66
,103489718_844533531,,джиггер,шт,10,0,10,0,0,0,550,0,0
,140107020_56745235578,,сетка для пиццы,шт,26,24,0,50,774.63,38731.5,1776,88800,4.69
,140796702_568793952,,брелок фотоальбом,шт,26,2,0,28,201.85,5651.8,500,14000,40.49
,116672914_5439753802,,комнатный термометр НТС-2,шт,67,1,0,68,674.23,45847.64,1200,81600,47.65
,108829359_785445123,,переходник usb type-c,шт,58,4,0,62,1346,83452,1977,122574,47.56
,131508553_757487685,,спрунки плющ желтый саймон,шт,40,0,40,0,0,0,998,0,0
,117722758_7834659275,,щетка тряпка на лобовое,шт,36,2,0,38,213.46,8111.48,800,30400,4.64
,131917558_734573745,,кензан медный,шт,40,0,40,0,0,0,1892,0,0
,129700650_231123132,,кисть для масок черная,шт,94,1,0,95,70.47,6694.65,679,64505,35.56
,101495483_908900980,,пакет для вакууматора 15*500,шт,4,0,4,0,0,0,800,0,0
,119408939_6784857253,,детская панамка синяя,шт,54,12,40,26,691.83,17987.58,1218,31668,11.68
,108489572_7584523904,,гольфы лапки,шт,23,2,20,5,308.4,1542,1299,6495,35.57
,164333186,106359065_12312123,корзина для белья наша 42 см,шт,22,4,0,26,2991.71,77784.46,4816,125216,25.63
,117719675_567483753,,настольная табличка А5,шт,35,2,0,37,399.18,14769.66,799,29563,35.55
,105536965_5093259724,,бенч скребок стальной,шт,38,2,0,40,398.38,15935.2,999,39960,72.82
,120492679_5457474654,,горшок дорожный котик,шт,25,0,25,0,0,0,7800,0,0
,114705243_123123132,,подушки в машину awesome,шт,55,1,50,6,1623.83,9742.98,4500,27000,25.73
,139384086_9843280432,,прорезыватель банан,шт,113,0,0,113,226.23486725663716,25564.54,495,55935,201.62
,109846267_45613123132,,подстаканник KidGo,шт,51,0,51,0,0,0,1398,0,0
,137537081_74673472957,,кензан пластиковый,шт,29,3,0,32,227,7264,1049,33568,40.5
,119220282_1356487956332,,ночник с ушками розовый,шт,139,0,16,123,445.86349593495936,54841.21,1290,158670,54.77
,119220282_1356487956333,,ночник с ушками синий,шт,136,0,4,132,453.15371212121215,59816.29,1000,132000,96.11
,113969166_4759384230,,парные фенечки инь янь,шт,63,0,50,13,216.39,2813.07,799,10387,47.63
,159816248_657482932,,пароварка-вкладыш,шт,63,5,0,68,371.67970588235295,25274.22,902,61336,16.05
,129896152_8932423784638,,неоновые палочки,шт,31,2,0,33,1072.95,35407.35,2500,82500,25.64
,110568369_67383893,,Дождевик прозрачный,,50,0,50,0,0,0,3093,0,0
,133949535_64589493572,,парные браслеты цепи,шт,91,1,0,92,164.49,15133.08,675,62100,40.53
,128315710_231123312,,силиконовые носки,шт,29,5,0,34,184.23,6263.82,400,13600,72.83
,140506632_2312132,,мерная чаша силиконовая,шт,40,2,0,42,769.77,32330.34,1698,71316,47.63
,117486185_6728289,,чехол для одежды с карманом,шт,-1,15,0,14,2198.98,30785.72,3108,43512,80.61
,108955793_6485395432,,газовая горелка маленькая,шт,50,0,0,50,1110.85,55542.5,1570,78500,4.69
,135932817_272882939,,Дождевик серый,,42,5,0,47,339.85,15972.95,791,37177,4.65
,143283320_58374823944,,черные колпачки 4 шт CHEVROLET,шт,40,0,30,10,250.55,2505.5,695,6950,39.55
,120058498_313212331,,Органайзер на козырек бежевый,шт,56,3,0,59,560.1986440677966,33051.72,1390,82010,26.15
,119799907_5156441123,,Стул сумочка,шт,60,3,60,3,1063.97,3191.91,2037,6111,17.75
,103467323_3232323,,Кисть для чая,,33,4,20,17,1067.73,18151.41,2367,40239,4.69
,109434219_5156141512,,светящиеся очки,шт,60,0,60,0,0,0,1950,0,0
,107569821_98090870,,фартук черный,шт,60,0,60,0,0,0,1226,0,0
,104045657_574838995,,подстаканник в коляску боковой,шт,50,2,51,1,916.49,916.49,1589,1589,25.65
,116341310_9898042,,набор для вязания,шт,24,5,0,29,2390.1,69312.9,3574,103646,39.19
,102558560_7587498420,,фломастеры 120 цветов,шт,2,0,2,0,0,0,4500,0,0
,139305819_8451256212,,только мыльница кричневая дорожная,шт,14,1,0,15,210.42,3156.3,997,14955,40.5
,114376618_9865678645,,чашки пирамидки,шт,119,7,100,26,407.89,10605.14,795,20670,25.65
,133397424_6573878572,,подставка для посуды,шт,9,1,2,8,892.65,7141.2,1936,15488,59.74
,137633111_6746773452,,дрип-пакеты для кофе,шт,50,0,50,0,0,0,909,0,0
,112424948_213123123312,,подстаканник в коляску,шт,74,5,50,29,591.54,17154.66,1294,37526,25.65
,119578581_5674839342,,палочки для сахарной ваты,шт,34,0,0,34,889.24,30234.16,3399,115566,17.75
,128108053_4844984892,,Заглушка черная Venera 10 шт,шт,68,4,50,22,352.54,7755.88,1059,23298,25.65
,115032741_564654652,,лупа х10,шт,12,1,0,13,772.48,10042.24,1630,21190,23.18
,111469780_312123,,жидкая изолента,шт,49,1,33,17,672.5,11432.5,1740,29580,17.75
,138431862_788985499,,вертушка для попугая,шт,30,0,0,30,449.45,13483.5,1736,52080,4.69
,150916766_8753459825,,подарок факушка,шт,56,0,50,6,312.14,1872.84,950,5700,47.56
,104801620_4708190908243,,фурминатор,шт,46,4,0,50,822.16,41108,1450,72500,4.69
,110006407_7658374893,,силиконовая мыльница,шт,51,0,50,1,297.88,297.88,890,890,35.56
,141662640_8769889400,,походные приборы 3 шт,шт,64,1,50,15,607.02,9105.3,1215,18225,11.68
,064039186,,зеркало черное,шт,28,7,0,35,105.75771428571429,3701.52,2126,74410,47.31
,141974900_23123123,,банка уточка лэппэгэр,шт,25,2,0,27,711.39,19207.53,1238,33426,47.63
,109460216_35132123,,варежка для теста,шт,54,3,40,17,389.07,6614.19,898,15266,17.74
,103293346_856598652,,пирометр,шт,54,5,50,9,1416.9,12752.1,2678,24102,35.57
,106835892_23312123,,фигурные ножницы,шт,-1,0,0,-1,0,0,1999,-1999,0
,130268280_7657985492,,кэмпинг кухня складная,шт,17,3,0,20,6035.91,120718.2,12187,243740,24.41
,119220282_1356487956328,112063320,набор бармена,шт,8,0,0,8,5200.62,41604.96,13357,106856,34.64
,121009600_983420823,,спонж для макияжа,шт,53,3,0,56,127.98,7166.88,325,18200,59.12
,122104807_4754870357,,соляная лампа,шт,20,2,20,2,3373.19,6746.38,7498,14996,66.71
,117190986_48752395832,,Авиагамак,шт,50,0,50,0,0,0,2299,0,0
,143283558_5873499026,,черные колпачки 4 шт HYUNDAI,шт,20,0,20,0,0,0,1185,0,0
,129896152_8932423784647,,угольник 112 мм,шт,35,3,30,8,1587.03,12696.24,4664,37312,40.5
,147806914_4561354444,,розовый комплект 8 шт,шт,45,0,40,5,1921.11,9605.55,4199,20995,17.74
,135119919_838939393,,форма аэрогриля 16 см,шт,121,1,0,122,520.7895081967213,63536.32,1096,133712,143.58
,142534000_231123123,,светильник медуза одиной,шт,126,0,100,26,971.66,25263.16,2028,52728,34.68
,140113652_5648928875,,черные колпачки 4 шт BMW,шт,20,0,20,0,0,0,697,0,0
,107447119_6547839395,,открывашка пики,шт,20,0,20,0,0,0,338,0,0
,112441280_658247944,,бейдж пластиковый,шт,49,1,0,50,313.28,15664,699,34950,4.69
,121021356_564185641,,Ключница вверх,шт,42,1,40,3,227.75,683.25,949,2847,17.74
,119001924_7389583802,,Защитный фартук для плиты,,21,7,0,28,3521.1053571428574,98590.95,6675,186900,16.63
,109252388_545132123,,массажер черный,шт,25,0,0,25,962.39,24059.75,1577,39425,40.54
,129320796_67577983652,,накладка на ремень,шт,50,3,50,3,667.26,2001.78,1747,5241,17.75
,115193638_75438922034,,кружка с подогревом,шт,54,0,10,44,2283.2863636363636,100464.6,2625,115500,83.7
,118346310_768732752,,ремень подтяжка белая 4 шт,шт,48,0,50,-2,0,0,1370,-2740,0
,118365566_6578489432,,газовая горелка с соплами,шт,25,3,20,8,7405.18,59241.44,11437,91496,47.7
,108665518_7588324555,,насадка дозатор,шт,49,0,0,49,120.87,5922.63,350,17150,4.69
,147009182_5369242743,,набор самураи 6 шт 3 см,шт,77,1,19,59,158.34,9342.06,903,53277,47.63
,112576671_980823480,,чехол для колес L,шт,29,3,0,32,2213.45,70830.4,3999,127968,17.74
,106413371_1648416513,,выжимка для цепи,шт,20,0,20,0,0,0,1298,0,0
,122051113_43298032,,Набор для алмазной мозаики,шт,43,2,0,45,1872.28,84252.6,3164,142380,39.54
,113572474_757849839,,кости игральные черные 2 шт,шт,54,2,40,16,66.63,1066.08,258,4128,47.65
,119383154_5783439422,,черные колпачки 4 шт TOYOTA,шт,22,1,20,3,250.55,751.65,697,2091,39.55
,119469501_485943484,,детская панамка розовая,шт,39,1,30,10,691.83,6918.3,1390,13900,11.68
,121433515_564944752,,ситечко для чая,шт,37,4,0,41,387.79,15899.39,988,40508,11.69
,106359065_12312123,,корзина для грязного белья 50 см,шт,2,0,2,0,0,0,3999,0,0
,121316727_0982409,,золотая лента 20 мм,шт,39,0,39,0,0,0,1449,0,0
,140368525_6873432395,,форма для люля,шт,48,1,40,9,1406.4,12657.6,3747,33723,17.75
,118524767_654738434,,держатель очков голд,шт,40,0,0,40,168.72,6748.8,609,24360,4.69
,116139529_6574839532,,алюминиевые формочки для кексиков 20 штук,шт,22,1,0,23,658.14,15137.22,2213,50899,17.74
,123436050_4387557872,,полка для роутера,шт,4,1,0,5,617.38,3086.9,1000,5000,40.54
,119220282_1356487956322,,держатель полотенец,шт,11,0,0,11,1150.73,12658.03,0,0,219.07
,118067916_123123132,,кухонные ножницы золото,шт,22,8,1,29,601.5,17443.5,1247,36163,47.65
,124186000_8574980034,,уличный фонарь квадрат,шт,4,0,0,4,5471.71,21886.84,7500,30000,4.69
,136435317_87319789231,,золотая лента 10 мм,шт,50,0,0,50,367.69,18384.5,1227,61350,59.67
,142733788_45123312,,ручка для крышки Tomiris,шт,21,0,0,21,279.82,5876.22,1300,27300,47.63
,154813510_5743359205,,нитковдеватель,шт,26,2,0,28,823.48,23057.44,2200,61600,47.68
,136627050_31988909,,золотая лента 15 мм,шт,26,2,0,28,612.74,17156.72,987,27636,35.57
,133884877_575284025,,когтерезка,шт,24,3,0,27,209.28,5650.56,758,20466,47.65
,139817817_498498156,,стол гриль без крышки,шт,19,1,0,20,9223.48,184469.6,16940,338800,4.62
,119220282_1356487956345,,форма для аэрогриля силикон 20 см,шт,10,0,0,10,587.02,5870.2,900,9000,130.62
,120731401_564123132,,пластилин строительный,шт,18,0,0,18,561.65,10109.7,2499,44982,39.53
,111469779_231123123,,жидкая изолента белая,шт,41,1,20,22,672.5,14795,2190,48180,17.75
,140402067_5493720957,,карманец между сиденьями,шт,18,0,0,18,305.92,5506.56,1000,18000,54.46
,116982076_1256456123,,Набор стеклянных контейнеров с крышкой круглый бамбук,,20,0,0,20,2849.65,56993,7549,150980,3.65
,157178994_9878897898,,Зеленое биде,шт,19,2,0,21,1143.93,24022.53,2255,47355,72.82
,135849679_7690944385,,кернер слесарный,шт,30,0,20,10,289.6,2896,948,9480,25.64
,142668752 _4708190908272,,Кольцо для мяча тигренок,,20,0,0,20,589.19,11783.8,1134,22680,39.52
,114953783_3856383729,,шарики панда для стирки,шт,20,0,20,0,0,0,652,0,0
,134191782_09880924,,неоновые звезды разноцветные,шт,13,3,0,16,141.94,2271.04,796,12736,17.73
,116097085_213123,,подтяжки для одеяла 6 конечные,шт,27,6,0,33,663.94,21910.02,956,31548,47.63
,634592785,,мини сейф черный пластик,шт,41,5,40,6,504.79,3028.74,2000,12000,47.57
,145876669_7567328745,,воздуходувка,шт,15,0,15,0,0,0,15492,0,0
,141896932_4738938473,,держатели воды в машину,шт,17,1,0,18,275.12,4952.16,1500,27000,47.63
,151203980_65747823748,,оптический экран для рисования маленький,шт,39,1,0,40,517.21,20688.4,1150,46000,47.54
,128665341_231213123,,3D ручка синяя,шт,40,2,40,2,1983.78,3967.56,2899,5798,59.74
,129920263_312123123,,черная наклейка hyunday,шт,13,1,0,14,721.28,10097.92,1300,18200,72.83
,118072439_7987908,,набор мерных ложек,шт,20,2,0,22,2362.28,51970.16,4096,90112,47.63
,132991477_123123123,,глаза маленькие,шт,14,1,0,15,1430.86,21462.9,1990,29850,181.66
,110152534_7649035548,,сантехнический гаечный ключ,шт,25,2,0,27,468.67,12654.09,1175,31725,25.64
,108733687_7577548200,,3D ручка розовая,шт,41,0,41,0,0,0,3000,0,0
,134655481_54123123,,Держатель шеи,,18,2,0,20,315.65,6313,672,13440,40.54
,129018713_4561132,,асык правша,шт,17,0,0,17,296.33235294117645,5037.65,6500,110500,44.34
,109304978_6578344755,,черный органайзер для кабелей,шт,10,0,10,0,0,0,1388,0,0
,118016984_678976676,,салатница с теркой,шт,20,2,0,22,6499.890909090909,142997.6,13991,307802,16.15
,119220282_1356487956331,,Подушка на поясницу,шт,1,0,0,1,2090.77,2090.77,4746,4746,119.12
,133559597_492799423,,органайзер архимед зеленый,шт,12,0,0,12,1016.39,12196.68,1800,21600,139.65
,130347698_1564651516,,фильтр для сигарет,шт,28,0,0,28,55.3,1548.4,1441,40348,47.56
,299178069,,автозарядник новый,шт,74,1,0,75,1974.64,148098,2750,206250,105.68
,104361721_5312123,,Шейкер с фильтром синий,,30,0,2,28,2933.85,82147.8,9108,255024,11.69
,107434021_5939357502,,чехол на сиденье унитаза,шт,10,0,10,0,0,0,641,0,0
,131508390_4785475894,,спрунки плющ серый грэй,шт,10,2,0,12,386.58,4638.96,898,10776,40.53
,123492578_248974237,,коврик под лоток серый,шт,6,0,6,0,0,0,1441,0,0
,117527884_788299789,,Гирлянда уличная,,48,0,48,0,0,0,12143,0,0
,139228736_123132532,,контейнер для элайнеров,шт,100,0,100,0,0,0,998,0,0
,107502625_5413132,,вакпак 28*15,шт,42,1,0,43,2369.08,101870.44,4319,185717,152.56
,106755956_6847895243,,этикет-пистолет,шт,18,0,0,18,1224.47,22040.46,2287,41166,47.63
,131289702_908420924,,держатель штор белый перо,шт,34,0,20,14,2565.16,35912.24,4000,56000,66.69
,112907807_45123123,,форма для пашот,шт,15,1,0,16,606.95,9711.2,1148,18368,39.53
,112430841_534983843,,подставка для наушников,шт,42,0,0,42,430.08,18063.36,1376,57792,25.63
,117706937_4587934045,,арка для цветов,шт,5,0,0,5,3763.41,18817.05,9998,49990,17.75
,123554737_854313,,набор для слепка синий,шт,19,1,15,5,3636.72,18183.6,6688,33440,17.75
,106822489_312123123,,палочки гарри поттера,шт,30,0,30,0,0,0,7443,0,0
,123410030_5785834355,,стич и уточка,шт,52,1,50,3,817.52,2452.56,1695,5085,40.53
,132997045_6548392935,,кобура,шт,13,4,0,17,456.34,7757.78,811,13787,11.68
,142551991_648219109008,,хна красная,шт,19,0,20,-1,0,0,934,-934,0
,110184579_7540203587,,Коврик в палатку 150*200,шт,30,0,30,0,0,0,2413,0,0
,151853049_8576798554,,декоративный светильник,шт,1,0,0,1,1181.22,1181.22,2897,2897,39.54
,150990444_7438355432,,пирсинг 180 шт,шт,28,0,0,28,81.51,2282.28,1331,37268,47.68
,105324387_5734873032,,золотая роза,шт,30,2,0,32,1110.56,35537.92,2200,70400,102.73
,143283011_5734823902,,черные колпачки 4 шт LEXUS,шт,14,0,10,4,250.55,1002.2,979,3916,39.55
,110061696_7657889305,,защитный фартук для плиты геометрия,шт,38,1,35,4,349.7,1398.8,695,2780,17.75
,130310222_89347693572,,светильник розы,шт,10,3,0,13,2402.76,31235.88,3598,46774,84.97
,137340736_47388364929,,самураи 6 шт 5 см,шт,27,0,0,27,202.53703703703704,5468.5,1469,39663,54.75
,121161854_757878439,,ланчбокс 2хярусный,шт,19,0,0,19,2213.37,42054.03,3701,70319,4.69
,145390810_8597527335,,набор кухонных ножей,шт,12,0,0,12,4754,57048,10995,131940,4.65
,130909634_569394057,,съемник для укорачивания браслетов,шт,11,1,0,12,126.86,1522.32,648,7776,56.67
,581863811,,Золотая лента 5 мм,,32,0,1,31,209.46,6493.26,1300,40300,59.67
,128305275_753759394,,форма машинка,шт,42,2,35,9,458.05,4122.45,1308,11772,57.73
,116364091_6748984325,,подставка для зубочисток,шт,26,1,0,27,383.8,10362.6,597,16119,25.64
,107516976_56412323123,,вакпак 25*15,шт,18,2,0,20,2155.31,43106.2,4439,88780,152.56
,118131261_4884867832,,Шейкер с фильтром серый,,30,0,0,30,2933.85,88015.5,8395,251850,11.69
,136004777_7552675232,,формочка асык,шт,20,3,20,3,706.04,2118.12,1400,4200,59.74
,117848532_753835622,,брелок спинер,шт,21,3,0,24,205.77,4938.48,658,15792,35.56
,117406673_8644553,,сушилка для обуви,шт,35,1,0,36,1136.52,40914.72,2449,88164,66.71
,105980449_23123123,,держатель телефона паутина,шт,81,2,0,83,296.05,24572.15,600,49800,11.69
,110839792_5674383945,,серый органайзер для кабелей,шт,16,0,10,6,516.98,3101.88,1999,11994,17.75
,116647314_7648753530,,держатель для душа,шт,11,0,0,11,183.04,2013.44,3000,33000,59.67
,116461701_856453131,,набор для слепка розовый,шт,17,0,15,2,3385.21,6770.42,7558,15116,47.63
,124538517_756579039,,мячик для котят,шт,20,0,20,0,0,0,900,0,0
,115781235_893242334635,,футляр зубной щетки bdo (БЕЛЫЙ),шт,20,1,20,1,267.67,267.67,988,988,59.74
,118810612_535749107,,саундбар,шт,12,0,12,0,0,0,25140,0,0
,119375875_5616516513,,короб для роутера,шт,4,0,1,3,1729.01,5187.03,4994,14982,35.57
,129896152_8932423784644,,подушки для черных чехлов,шт,6,1,0,7,0,0,0,0,41.14
,118550433_04257729320,,светильник с маркером,шт,14,0,0,14,671.19,9396.66,2100,29400,139.66
,124298020_8665538392,,термощуп с дисплеем,шт,8,0,0,8,1515.77,12126.16,2818,22544,25.64
,120894039_586795485,,коврик доллар,шт,29,0,0,29,1464.06,42457.74,1960,56840,25.65
,117337771_46832292753,,эспандер для кисти,шт,19,0,0,19,3909.002105263158,74271.04,6300,119700,20.67
,104801620_4708190908247,,тренажер для талии,шт,15,0,0,15,7634.27,114514.05,10947,164205,39.54
,147867423_7573289858,,крючки на присосках черные 2 шт,шт,15,2,0,17,691.17,11749.89,2103,35751,25.67
,142668752 _4708190908250,,держатель штор золотое перо,шт,41,0,40,1,1925.35,1925.35,3979,3979,259.72
,142552013_76483746289,,хна розовая,шт,20,0,20,0,0,0,1214,0,0
,129253673_67308420507,,асык левша,шт,34,1,0,35,117.87857142857143,4125.75,7500,262500,115.71
,119370861_746433205,,форма для стирки кепок,шт,10,0,10,0,0,0,1001,0,0
,134995275_908098423,,кассета love forever 2 60s,шт,36,0,0,36,602.5716666666666,21692.58,2500,90000,107.55
,122255206_7835937762,,походный коврик,шт,9,0,10,-1,0,0,4990,-4990,0
,141564118_8787987979,,электрическая овощерезка,шт,2,2,0,4,35945.41,143781.64,49340,197360,66.73
,108823039_2489908423,,держатель штор белые птички,шт,15,0,0,15,1978.38,29675.7,4000,60000,168.88
,135113205_231983210,,кассета 5 минут 5 300s,шт,17,1,0,18,602.35,10842.3,1966,35388,105.8
,128787564_5765732725,,ошейник для собак бежевый,шт,3,0,0,3,1289.36,3868.08,3400,10200,133.62
,,,Итого:,,0,0,0,0,,0,,0,
